date,open,high,low,close,volume
2014-01-01,116.65987018689,115.54142073397,110.39655325053,111.96238248462,15862
2014-01-02,111.96238248462,117.10724996806,106.81751500119,117.10724996806,28467
2014-01-05,117.10724996806,120.01521854565,112.40976226579,118.44938931156,65735
2014-01-06,118.44938931156,119.79152865507,114.87035106221,118.89676909273,25538
2014-01-07,118.89676909273,119.56783876448,116.65987018689,119.56783876448,22161
2014-01-08,119.56783876448,124.9363961385,118.89676909273,123.594256795,38768
2014-01-09,123.594256795,123.37056690441,119.12045898331,122.02842756091,20109
2014-01-12,122.02842756091,124.9363961385,121.58104777974,122.47580734207,24734
2014-01-13,122.47580734207,124.26532646675,121.13366799857,124.26532646675,19617
2014-01-14,124.26532646675,125.83115570084,123.14687701383,125.83115570084,32504
2014-01-16,125.83115570084,125.38377591967,121.35735788915,123.37056690441,19341
2014-01-19,123.37056690441,124.48901635733,119.56783876448,124.48901635733,29053
2014-01-20,124.48901635733,129.85757373135,123.37056690441,125.60746581025,81646
2014-01-21,125.60746581025,125.38377591967,122.25211745149,122.92318712324,11260
2014-01-22,122.92318712324,122.69949723266,119.3441488739,120.6862882174,13817
2014-01-23,120.6862882174,122.02842756091,118.67307920214,121.13366799857,13779
2014-01-26,121.13366799857,130.5286434031,121.13366799857,126.278535482,40298
2014-01-27,126.278535482,126.50222537259,122.47580734207,123.37056690441,9937
2014-01-28,123.37056690441,125.60746581025,120.23890843623,125.38377591967,26031
2014-01-29,125.38377591967,127.39698493493,124.48901635733,126.278535482,29804
2014-02-02,126.278535482,125.60746581025,122.25211745149,123.37056690441,8622
2014-02-03,123.37056690441,125.38377591967,120.01521854565,125.38377591967,16945
2014-02-04,125.38377591967,125.38377591967,121.35735788915,125.38377591967,14068
2014-02-05,125.38377591967,123.81794668558,122.02842756091,123.81794668558,8624
2014-02-06,123.81794668558,125.83115570084,123.37056690441,124.9363961385,18213
2014-02-09,124.9363961385,125.83115570084,122.92318712324,125.60746581025,31751
2014-02-10,125.60746581025,136.79196033946,128.96281416901,130.08126362193,52878
2014-02-11,130.08126362193,130.30495351252,127.84436471609,129.63388384077,29068
2014-02-12,129.63388384077,128.96281416901,125.60746581025,128.96281416901,10260
2014-02-13,128.96281416901,129.63388384077,126.50222537259,127.62067482551,14908
2014-02-16,127.62067482551,127.17329504434,123.37056690441,125.60746581025,12363
2014-02-17,125.60746581025,126.278535482,123.37056690441,124.9363961385,10000
2014-02-18,124.9363961385,126.05484559142,123.37056690441,125.60746581025,14557
2014-02-20,125.60746581025,127.84436471609,124.04163657616,126.94960515376,12477
2014-02-23,126.94960515376,130.08126362193,126.05484559142,127.84436471609,16883
2014-02-24,127.84436471609,130.30495351252,126.94960515376,127.84436471609,10633
2014-02-25,127.84436471609,127.84436471609,123.81794668558,127.84436471609,8159
2014-02-26,127.84436471609,127.84436471609,123.37056690441,127.17329504434,11856
2014-03-03,127.17329504434,125.60746581025,121.58104777974,125.60746581025,11330
2014-03-04,125.60746581025,124.26532646675,120.01521854565,123.37056690441,12645
2014-03-05,123.37056690441,124.48901635733,122.25211745149,123.594256795,13670
2014-03-06,123.594256795,123.81794668558,121.13366799857,122.25211745149,8096
2014-03-09,122.25211745149,122.25211745149,120.23890843623,120.46259832682,12131
2014-03-10,120.46259832682,121.13366799857,118.22569942098,121.13366799857,11578
2014-03-11,121.13366799857,119.56783876448,118.00200953039,118.00200953039,5775
2014-03-12,118.00200953039,118.44938931156,115.76511062455,118.44938931156,5270
2014-03-13,118.44938931156,119.12045898331,116.21249040572,118.89676909273,6624
2014-03-17,118.89676909273,117.77831963981,115.76511062455,116.65987018689,5748
2014-03-18,116.65987018689,115.98880051513,112.85714204696,115.54142073397,9587
2014-03-19,115.54142073397,121.13366799857,113.52821171871,121.13366799857,10946
2014-03-20,121.13366799857,120.6862882174,118.00200953039,118.00200953039,8516
2014-03-23,118.00200953039,121.80473767032,116.21249040572,121.80473767032,8169
2014-03-24,121.80473767032,127.84436471609,120.01521854565,127.17329504434,21201
2014-03-25,127.17329504434,125.60746581025,120.01521854565,123.37056690441,29739
2014-03-26,123.37056690441,131.87078274661,123.37056690441,131.87078274661,60736
2014-03-27,131.87078274661,134.10768165245,123.37056690441,125.38377591967,20209
2014-03-31,125.38377591967,123.81794668558,121.13366799857,123.37056690441,5218
2014-04-01,123.37056690441,124.26532646675,122.69949723266,124.26532646675,3932
2014-04-02,124.26532646675,124.26532646675,122.25211745149,123.14687701383,11115
2014-04-03,123.14687701383,123.37056690441,121.13366799857,122.02842756091,3927
2014-04-06,122.02842756091,123.37056690441,121.13366799857,121.35735788915,8848
2014-04-07,121.35735788915,121.80473767032,119.56783876448,121.13366799857,5197
2014-04-09,121.13366799857,120.90997810799,119.79152865507,120.90997810799,5534
2014-04-10,120.90997810799,121.80473767032,121.13366799857,121.13366799857,3389
2014-04-13,121.13366799857,122.25211745149,120.01521854565,122.25211745149,5766
2014-04-15,122.25211745149,121.13366799857,120.01521854565,120.46259832682,8445
2014-04-16,120.46259832682,120.6862882174,119.3441488739,120.6862882174,5706
2014-04-17,120.6862882174,120.90997810799,119.3441488739,120.23890843623,11560
2014-04-20,120.23890843623,120.23890843623,117.77831963981,118.89676909273,7619
2014-04-21,118.89676909273,119.12045898331,117.10724996806,118.22569942098,4512
2014-04-22,118.22569942098,122.02842756091,117.55462974922,122.02842756091,3658
2014-04-23,122.02842756091,122.02842756091,120.01521854565,121.13366799857,6040
2014-04-27,121.13366799857,124.48901635733,120.90997810799,122.47580734207,19082
2014-04-28,122.47580734207,122.25211745149,120.46259832682,121.58104777974,17521
2014-04-29,121.58104777974,122.25211745149,117.77831963981,117.77831963981,17504
2014-04-30,117.77831963981,123.37056690441,116.65987018689,122.02842756091,38545
2014-05-04,122.02842756091,122.25211745149,122.25211745149,122.25211745149,146
2014-05-06,122.25211745149,121.13366799857,116.21249040572,121.13366799857,5111
2014-05-07,121.13366799857,122.25211745149,117.77831963981,117.77831963981,3621
2014-05-08,117.77831963981,117.77831963981,114.64666117163,117.10724996806,3062
2014-05-11,117.10724996806,117.10724996806,113.52821171871,114.64666117163,2232
2014-05-12,114.64666117163,115.0940409528,112.63345215637,113.75190160929,6393
2014-05-13,113.75190160929,116.65987018689,112.1860723752,114.87035106221,3367
2014-05-15,114.87035106221,115.0940409528,113.52821171871,114.42297128105,1498
2014-05-18,114.42297128105,114.19928139046,110.62024314112,111.73869259404,2406
2014-05-19,111.73869259404,113.30452182813,111.06762292228,112.40976226579,3738
2014-05-20,112.40976226579,112.63345215637,111.29131281287,112.1860723752,1380
2014-05-21,112.1860723752,112.63345215637,111.29131281287,111.96238248462,1436
2014-05-22,111.96238248462,113.30452182813,111.51500270345,112.40976226579,3420
2014-05-25,112.40976226579,114.64666117163,112.1860723752,112.1860723752,1964
2014-05-26,112.1860723752,113.97559149988,111.29131281287,111.96238248462,2068
2014-05-27,111.96238248462,112.85714204696,111.73869259404,112.63345215637,2651
2014-05-28,112.63345215637,116.4361802963,112.40976226579,115.54142073397,3465
2014-06-01,115.54142073397,115.31773084338,112.63345215637,114.19928139046,3419
2014-06-02,114.19928139046,116.65987018689,112.40976226579,116.65987018689,5675
2014-06-03,116.65987018689,121.80473767032,115.54142073397,117.77831963981,3237
2014-06-04,117.77831963981,115.76511062455,114.42297128105,114.42297128105,4933
2014-06-05,114.42297128105,115.54142073397,112.40976226579,114.64666117163,1460
2014-06-08,114.64666117163,114.87035106221,112.63345215637,113.30452182813,4810
2014-06-09,113.30452182813,113.75190160929,112.63345215637,112.63345215637,3135
2014-06-10,112.63345215637,116.65987018689,112.1860723752,114.64666117163,6762
2014-06-11,114.64666117163,119.3441488739,112.63345215637,116.4361802963,7845
2014-06-12,116.4361802963,118.44938931156,114.42297128105,115.76511062455,5318
2014-06-15,115.76511062455,125.16008602908,115.76511062455,125.16008602908,21646
2014-06-16,125.16008602908,128.06805460668,122.25211745149,126.50222537259,17798
2014-06-17,126.50222537259,128.06805460668,122.25211745149,126.50222537259,13316
2014-06-18,126.50222537259,126.94960515376,125.16008602908,125.60746581025,5595
2014-06-19,125.60746581025,125.60746581025,124.48901635733,124.9363961385,4887
2014-06-23,124.9363961385,125.38377591967,123.37056690441,123.81794668558,2822
2014-06-24,123.81794668558,124.04163657616,119.56783876448,122.47580734207,4915
2014-06-25,122.47580734207,124.48901635733,121.35735788915,123.37056690441,5342
2014-06-26,123.37056690441,124.48901635733,122.47580734207,123.37056690441,2294
2014-06-29,123.37056690441,133.4366119807,124.26532646675,133.4366119807,6659
2014-06-30,133.4366119807,134.33137154303,127.84436471609,133.4366119807,17816
2014-07-01,133.4366119807,133.66030187128,128.96281416901,132.31816252778,16496
2014-07-02,132.31816252778,132.76554230894,130.08126362193,131.42340296544,8711
2014-07-03,131.42340296544,134.55506143362,128.06805460668,134.55506143362,10454
2014-07-06,134.55506143362,136.79196033946,133.4366119807,136.79196033946,10936
2014-07-07,136.79196033946,141.48944804173,134.55506143362,141.48944804173,23528
2014-07-08,141.48944804173,154.23977180502,142.38420760406,154.23977180502,75326
2014-07-09,154.23977180502,168.10854502124,154.68715158619,161.39784830371,64933
2014-07-10,161.39784830371,168.10854502124,158.04249994495,165.20057644364,53832
2014-07-13,165.20057644364,179.06934965986,165.20057644364,169.89806414591,41709
2014-07-14,169.89806414591,175.93769119168,167.43747534948,168.10854502124,41992
2014-07-15,168.10854502124,168.77961469299,165.8716461154,168.10854502124,13822
2014-07-16,168.10854502124,182.87207779979,166.31902589656,182.87207779979,15232
2014-07-17,182.87207779979,179.74041933161,170.34544392708,176.83245075402,20796
2014-07-20,176.83245075402,186.00373626797,173.70079228584,176.16138108227,17347
2014-07-21,176.16138108227,179.29303955044,170.34544392708,179.29303955044,23797
2014-07-22,179.29303955044,176.83245075402,170.34544392708,173.70079228584,26067
2014-07-23,173.70079228584,172.8060327235,169.89806414591,172.58234283292,19797
2014-07-24,172.58234283292,172.35865294234,169.00330458357,171.01651359883,18897
2014-07-27,171.01651359883,170.34544392708,168.10854502124,170.12175403649,19175
2014-07-28,170.12175403649,169.45068436474,167.2137854589,169.22699447416,11965
2014-07-30,169.22699447416,170.34544392708,163.63474720955,165.8716461154,18615
2014-07-31,165.8716461154,166.99009556832,162.73998764722,163.85843710014,17974
2014-08-03,163.85843710014,161.84522808488,159.16094939787,161.17415841313,14283
2014-08-04,161.17415841313,160.50308874138,157.14774038261,159.16094939787,16927
2014-08-05,159.16094939787,163.63474720955,158.7135696167,160.72677863196,19507
2014-08-06,160.72677863196,161.39784830371,158.93725950729,159.16094939787,19442
2014-08-07,159.16094939787,163.18736742839,155.80560103911,160.27939885079,27587
2014-08-12,160.27939885079,158.93725950729,154.68715158619,158.04249994495,7449
2014-08-13,158.04249994495,161.39784830371,155.35822125794,161.39784830371,13102
2014-08-14,161.39784830371,163.63474720955,158.48987972612,160.72677863196,15244
2014-08-18,160.72677863196,157.81881005437,146.85800541574,150.66073355567,37244
2014-08-19,150.66073355567,152.45025268035,147.08169530633,150.21335377451,17808
2014-08-20,150.21335377451,150.21335377451,145.29217618166,149.09490432159,19673
2014-08-21,149.09490432159,149.98966388392,143.50265705698,147.97645486867,12597
2014-08-24,147.97645486867,149.54228410275,144.84479640049,147.97645486867,12176
2014-08-25,147.97645486867,145.29217618166,136.34458055829,138.80516935472,13049
2014-08-26,138.80516935472,145.73955596282,131.64709285602,132.76554230894,13423
2014-08-27,132.76554230894,144.6211065099,134.55506143362,138.80516935472,13712
2014-08-28,138.80516935472,143.72634694757,137.91040979238,137.91040979238,9333
2014-08-31,137.91040979238,137.91040979238,132.09447263719,135.44982099595,7186
2014-09-01,135.44982099595,134.55506143362,130.97602318427,134.55506143362,8096
2014-09-03,134.55506143362,136.79196033946,132.54185241836,133.21292209011,6177
2014-09-04,133.21292209011,131.87078274661,128.73912427843,129.1865040596,13269
2014-09-07,129.1865040596,128.51543438785,120.46259832682,120.46259832682,8707
2014-09-09,120.46259832682,128.73912427843,121.13366799857,127.84436471609,6261
2014-09-10,127.84436471609,136.79196033946,126.05484559142,128.96281416901,17200
2014-09-11,128.96281416901,128.96281416901,124.26532646675,127.84436471609,5116
2014-09-14,127.84436471609,127.17329504434,124.48901635733,125.83115570084,11790
2014-09-15,125.83115570084,125.60746581025,123.37056690441,124.48901635733,4559
2014-09-16,124.48901635733,125.60746581025,124.04163657616,125.60746581025,5664
2014-09-17,125.60746581025,125.83115570084,123.594256795,123.594256795,2141
2014-09-18,123.594256795,124.04163657616,122.25211745149,122.25211745149,556
2014-09-21,125.60746581025,123.594256795,119.3441488739,119.56783876448,4876
2014-09-22,119.56783876448,120.6862882174,114.42297128105,117.33093985864,4694
2014-09-23,117.33093985864,127.62067482551,119.3441488739,127.62067482551,1603
2014-09-24,127.62067482551,137.91040979238,127.62067482551,132.98923219953,27922
2014-09-28,132.98923219953,133.4366119807,130.08126362193,132.98923219953,5441
2014-09-29,132.98923219953,136.56827044887,131.42340296544,136.56827044887,2590
2014-09-30,136.56827044887,135.67351088654,130.5286434031,130.5286434031,4135
2014-10-08,130.5286434031,130.08126362193,127.17329504434,130.08126362193,1950
2014-10-09,130.08126362193,130.08126362193,128.73912427843,128.96281416901,4332
2014-10-12,128.96281416901,129.85757373135,124.26532646675,125.38377591967,3534
2014-10-13,125.38377591967,125.83115570084,123.37056690441,124.71270624792,6363
2014-10-14,124.71270624792,126.72591526317,124.71270624792,125.60746581025,2216
2014-10-15,125.60746581025,127.84436471609,125.60746581025,127.39698493493,3468
2014-10-16,127.39698493493,128.96281416901,125.60746581025,128.29174449726,2026
2014-10-19,128.29174449726,130.97602318427,124.48901635733,130.97602318427,2531
2014-10-20,130.97602318427,128.96281416901,126.50222537259,128.29174449726,1855
2014-10-21,128.29174449726,129.41019395018,126.94960515376,126.94960515376,1623
2014-10-22,126.94960515376,128.73912427843,124.48901635733,126.72591526317,2166
2014-10-26,126.72591526317,125.83115570084,124.48901635733,125.83115570084,318
2014-10-27,125.83115570084,127.39698493493,125.60746581025,127.39698493493,826
2014-10-28,127.39698493493,127.17329504434,124.71270624792,126.278535482,3103
2014-10-30,126.278535482,126.05484559142,124.71270624792,124.71270624792,3239
2014-11-02,124.71270624792,122.92318712324,122.02842756091,122.69949723266,3479
2014-11-03,122.69949723266,123.37056690441,120.23890843623,120.6862882174,2984
2014-11-04,120.6862882174,121.13366799857,116.88356007747,121.13366799857,4283
2014-11-05,121.13366799857,124.04163657616,120.46259832682,123.37056690441,3168
2014-11-06,123.37056690441,123.37056690441,121.35735788915,122.47580734207,4774
2014-11-09,122.47580734207,121.58104777974,118.89676909273,118.89676909273,4361
2014-11-10,118.89676909273,119.12045898331,116.4361802963,118.67307920214,7137
2014-11-11,118.67307920214,118.89676909273,112.85714204696,118.89676909273,2460
2014-11-12,118.89676909273,120.46259832682,117.10724996806,118.89676909273,3095
2014-11-13,118.89676909273,120.90997810799,115.54142073397,117.33093985864,5215
2014-11-16,117.33093985864,117.33093985864,115.54142073397,115.54142073397,2659
2014-11-17,115.54142073397,115.0940409528,109.94917346936,109.94917346936,5025
2014-11-18,109.94917346936,114.19928139046,106.5938251106,113.97559149988,5593
2014-11-19,113.97559149988,118.00200953039,112.1860723752,115.98880051513,1602
2014-11-20,115.98880051513,116.65987018689,114.19928139046,115.98880051513,3097
2014-11-23,115.98880051513,122.25211745149,115.98880051513,121.13366799857,5920
2014-11-24,121.13366799857,120.01521854565,116.88356007747,117.77831963981,1129
2014-11-25,117.77831963981,117.77831963981,115.98880051513,115.98880051513,71
2014-11-30,115.98880051513,115.98880051513,112.40976226579,113.30452182813,1452
2014-12-01,113.30452182813,113.97559149988,111.96238248462,112.85714204696,1733
2014-12-02,112.85714204696,115.0940409528,111.06762292228,115.0940409528,1108
2014-12-03,115.0940409528,118.22569942098,113.75190160929,115.54142073397,2153
2014-12-04,115.54142073397,118.67307920214,116.65987018689,117.55462974922,2277
2014-12-07,117.55462974922,116.21249040572,113.97559149988,114.87035106221,1718
2014-12-08,114.87035106221,114.42297128105,112.85714204696,113.97559149988,1290
2014-12-09,113.97559149988,114.42297128105,112.63345215637,113.52821171871,2366
2014-12-10,113.52821171871,118.89676909273,113.52821171871,118.89676909273,567
2014-12-11,118.89676909273,120.90997810799,115.98880051513,118.67307920214,4644
2014-12-14,118.67307920214,124.04163657616,119.79152865507,123.37056690441,3724
2014-12-15,123.37056690441,126.72591526317,121.35735788915,124.9363961385,4393
2014-12-16,124.9363961385,124.26532646675,118.89676909273,123.81794668558,5232
2014-12-17,123.81794668558,122.92318712324,120.90997810799,122.25211745149,3200
2014-12-18,122.25211745149,121.13366799857,117.77831963981,121.13366799857,2212
2014-12-21,121.13366799857,120.01521854565,116.88356007747,117.55462974922,3044
2014-12-22,117.55462974922,119.56783876448,114.87035106221,119.56783876448,4523
2014-12-23,119.56783876448,118.89676909273,113.75190160929,118.22569942098,2357
2014-12-24,118.22569942098,118.89676909273,116.21249040572,118.89676909273,3183
2014-12-28,118.89676909273,122.02842756091,118.89676909273,122.02842756091,3257
2014-12-29,122.02842756091,122.02842756091,118.00200953039,120.01521854565,2105
2014-12-31,120.01521854565,123.37056690441,117.55462974922,120.23890843623,2969
2015-01-01,120.23890843623,122.25211745149,118.89676909273,120.90997810799,2695
2015-01-04,120.90997810799,121.35735788915,119.79152865507,120.6862882174,1201
2015-01-05,120.6862882174,122.69949723266,119.12045898331,122.69949723266,1739
2015-01-06,122.69949723266,121.13366799857,118.00200953039,120.01521854565,3920
2015-01-07,120.01521854565,120.23890843623,118.22569942098,120.23890843623,3541
2015-01-08,120.23890843623,121.13366799857,119.3441488739,119.56783876448,2511
2015-01-11,119.56783876448,122.02842756091,117.77831963981,122.02842756091,3451
2015-01-12,122.02842756091,120.90997810799,118.44938931156,119.56783876448,3521
2015-01-13,119.56783876448,120.01521854565,118.00200953039,120.01521854565,1012
2015-01-14,120.01521854565,123.14687701383,118.22569942098,122.02842756091,11042
2015-01-18,122.02842756091,122.25211745149,119.56783876448,120.01521854565,5160
2015-01-19,120.01521854565,125.38377591967,121.13366799857,122.69949723266,7796
2015-01-20,122.69949723266,123.14687701383,119.79152865507,120.6862882174,10113
2015-01-22,120.6862882174,120.46259832682,118.89676909273,119.56783876448,1265
2015-01-25,119.56783876448,121.80473767032,118.00200953039,120.01521854565,2889
2015-01-26,120.01521854565,122.02842756091,118.89676909273,121.35735788915,5767
2015-01-27,121.35735788915,127.84436471609,120.6862882174,126.278535482,13660
2015-01-28,126.278535482,128.51543438785,125.16008602908,127.62067482551,15503
2015-01-29,127.62067482551,128.29174449726,124.48901635733,125.60746581025,10005
2015-02-01,125.60746581025,124.71270624792,123.594256795,124.04163657616,4653
2015-02-02,124.04163657616,124.26532646675,122.25211745149,122.69949723266,3667
2015-02-03,122.69949723266,123.37056690441,119.3441488739,121.80473767032,2126
2015-02-04,121.80473767032,122.25211745149,120.01521854565,121.13366799857,1946
2015-02-05,121.13366799857,123.14687701383,119.12045898331,119.56783876448,2868
2015-02-08,119.56783876448,120.23890843623,119.12045898331,120.01521854565,2025
2015-02-09,120.01521854565,122.02842756091,118.89676909273,120.90997810799,6337
2015-02-10,120.90997810799,120.01521854565,117.33093985864,120.01521854565,3543
2015-02-11,120.01521854565,121.13366799857,118.89676909273,120.23890843623,3776
2015-02-12,120.23890843623,122.25211745149,120.01521854565,121.58104777974,5980
2015-02-15,121.58104777974,121.58104777974,120.23890843623,120.46259832682,1086
2015-02-16,120.46259832682,120.90997810799,119.3441488739,120.90997810799,4307
2015-02-19,120.90997810799,120.90997810799,119.3441488739,119.79152865507,2807
2015-02-22,119.79152865507,119.3441488739,117.55462974922,117.55462974922,3088
2015-02-23,117.55462974922,117.77831963981,115.76511062455,117.55462974922,3374
2015-02-24,117.55462974922,117.77831963981,116.65987018689,117.77831963981,3018
2015-02-25,117.77831963981,119.12045898331,116.4361802963,118.89676909273,2152
2015-02-26,118.89676909273,118.89676909273,116.65987018689,118.89676909273,1994
2015-03-01,120.01521854565,121.13366799857,118.89676909273,121.13366799857,1184
2015-03-02,121.13366799857,124.48901635733,120.01521854565,121.13366799857,1111
2015-03-03,121.13366799857,122.02842756091,119.12045898331,121.80473767032,1590
2015-03-04,121.80473767032,123.81794668558,120.23890843623,120.6862882174,2209
2015-03-09,120.6862882174,126.50222537259,122.25211745149,124.9363961385,8858
2015-03-10,124.9363961385,123.37056690441,119.3441488739,121.35735788915,1061
2015-03-11,121.35735788915,122.25211745149,120.46259832682,120.46259832682,1618
2015-03-12,120.46259832682,123.37056690441,118.89676909273,120.01521854565,1710
2015-03-15,120.01521854565,121.13366799857,119.12045898331,120.01521854565,2644
2015-03-16,120.01521854565,120.01521854565,118.22569942098,119.12045898331,1607
2015-03-17,119.12045898331,119.56783876448,118.22569942098,119.12045898331,731
2015-03-18,119.12045898331,119.3441488739,118.00200953039,119.3441488739,1901
2015-03-19,119.3441488739,121.13366799857,118.89676909273,121.13366799857,1882
2015-03-22,121.13366799857,120.23890843623,117.55462974922,118.22569942098,6630
2015-03-23,118.22569942098,118.89676909273,117.33093985864,118.67307920214,4993
2015-03-24,118.67307920214,118.67307920214,117.55462974922,118.22569942098,1251
2015-03-25,118.22569942098,118.89676909273,116.4361802963,118.89676909273,797
2015-03-26,118.89676909273,120.23890843623,117.33093985864,120.23890843623,966
2015-03-29,120.23890843623,118.89676909273,118.67307920214,118.67307920214,531
2015-03-30,118.67307920214,118.67307920214,114.64666117163,116.4361802963,3598
2015-03-31,116.4361802963,117.77831963981,116.21249040572,116.88356007747,1282
2015-04-01,116.88356007747,117.55462974922,115.31773084338,117.55462974922,2590
2015-04-02,117.55462974922,117.77831963981,115.54142073397,117.77831963981,3444
2015-04-05,117.77831963981,119.12045898331,114.87035106221,115.54142073397,1330
2015-04-06,115.54142073397,116.65987018689,113.52821171871,114.42297128105,3678
2015-04-07,114.42297128105,114.64666117163,113.52821171871,114.42297128105,2372
2015-04-08,114.42297128105,117.55462974922,114.19928139046,116.21249040572,2164
2015-04-09,116.21249040572,119.12045898331,114.64666117163,119.12045898331,7084
2015-04-12,119.12045898331,121.58104777974,118.44938931156,120.90997810799,4345
2015-04-13,120.90997810799,119.3441488739,116.88356007747,119.3441488739,4158
2015-04-15,119.3441488739,120.01521854565,115.54142073397,119.79152865507,13284
2015-04-16,119.79152865507,118.44938931156,115.54142073397,118.44938931156,8979
2015-04-19,118.35767645642,118.35767645642,116.44289099302,118.1183282735,820
2015-04-20,118.1183282735,118.83637282227,117.63963190765,118.1183282735,1363
2015-04-21,118.1183282735,118.83637282227,116.92158735887,118.83637282227,1312
2015-04-23,119.0757210052,117.63963190765,116.68223917595,117.1609355418,1563
2015-05-24,117.1609355418,115.2461500784,107.5870082248,107.5870082248,90
2015-05-25,107.5870082248,105.91157094432,99.927866371194,101.12460728582,844
2015-05-26,101.12460728582,108.78374913942,102.32134820044,108.78374913942,1215
2015-05-27,108.78374913942,107.10831185895,103.75743729799,103.75743729799,230
2015-05-28,103.75743729799,107.82635640772,104.71483002969,107.10831185895,2330
2015-05-31,107.10831185895,109.98049005405,107.5870082248,108.78374913942,1141
2015-06-01,108.78374913942,110.4591864199,107.10831185895,109.5017936882,2353
2015-06-02,109.5017936882,109.98049005405,109.5017936882,109.5017936882,181
2015-06-03,109.5017936882,117.1609355418,109.98049005405,117.1609355418,1581
2015-06-04,114.2887573467,117.87898009057,115.48549826132,116.68223917595,5611
2015-06-08,116.68223917595,118.59702463935,115.48549826132,116.68223917595,1959
2015-06-09,116.68223917595,124.58072921247,118.59702463935,120.9905064686,3888
2015-06-10,120.9905064686,119.0757210052,117.1609355418,118.59702463935,880
2015-06-11,118.59702463935,117.1609355418,114.76745371255,115.48549826132,2209
2015-06-14,115.48549826132,114.2887573467,112.61332006622,112.61332006622,2431
2015-06-15,112.61332006622,115.96419462717,111.17723096867,114.52810552962,1505
2015-06-16,114.52810552962,115.72484644425,113.81006098085,115.72484644425,1298
2015-06-17,115.72484644425,115.72484644425,113.81006098085,115.00680189547,1700
2015-06-18,115.00680189547,114.76745371255,112.3739718833,113.331364615,873
2015-06-21,113.331364615,113.331364615,112.61332006622,113.09201643207,1001
2015-06-22,111.89527551745,114.2887573467,111.89527551745,113.09201643207,1380
2015-06-23,113.09201643207,115.00680189547,113.09201643207,114.2887573467,7897
2015-06-24,114.2887573467,115.48549826132,112.85266824915,112.85266824915,1269
2015-06-25,113.57071279792,114.2887573467,113.57071279792,114.04940916377,833
2015-06-28,114.04940916377,114.2887573467,113.09201643207,114.2887573467,2180
2015-06-29,114.2887573467,114.2887573467,110.93788278575,114.2887573467,8930
2015-06-30,112.3739718833,113.09201643207,110.93788278575,113.09201643207,6613
2015-07-01,111.4165791516,111.89527551745,111.4165791516,111.89527551745,572
2015-07-02,110.4591864199,111.4165791516,110.21983823697,110.69853460282,4059
2015-07-05,111.4165791516,114.04940916377,111.4165791516,113.57071279792,1564
2015-07-06,113.57071279792,113.57071279792,110.21983823697,110.4591864199,330
2015-07-07,110.4591864199,111.89527551745,110.4591864199,110.69853460282,6448
2015-07-08,111.65592733452,111.65592733452,110.93788278575,111.4165791516,2073
2015-07-09,113.331364615,113.331364615,111.89527551745,111.89527551745,401
2015-07-12,111.65592733452,112.3739718833,110.69853460282,112.13462370037,5083
2015-07-13,111.89527551745,111.89527551745,111.65592733452,111.65592733452,1242
2015-07-14,110.93788278575,112.85266824915,110.93788278575,111.89527551745,3414
2015-07-15,111.89527551745,113.81006098085,111.4165791516,113.09201643207,2601
2015-07-16,113.09201643207,117.1609355418,113.331364615,117.1609355418,391
2015-07-22,115.72484644425,119.55441737105,114.52810552962,119.0757210052,7356
2015-07-23,119.0757210052,125.05942557832,117.87898009057,125.05942557832,7731
2015-07-26,125.05942557832,136.06944199287,127.21355922465,136.06944199287,140
2015-07-27,136.06944199287,138.46292382212,127.6922555905,132.95791561485,8007
2015-07-28,132.95791561485,130.80378196852,128.6496483222,128.6496483222,682
2015-07-29,128.6496483222,126.49551467587,125.53812194417,125.53812194417,120
2015-07-30,125.53812194417,125.05942557832,121.46920283445,121.46920283445,3973
2015-08-02,121.46920283445,121.22985465152,120.27246191982,120.51181010275,558
2015-08-03,120.51181010275,123.38398829785,119.0757210052,123.14464011492,3667
2015-08-04,123.14464011492,123.8626846637,118.83637282227,119.31506918812,7651
2015-08-05,119.31506918812,123.62333648077,118.35767645642,122.66594374907,6489
2015-08-06,121.9478992003,125.05942557832,122.66594374907,124.58072921247,8242
2015-08-09,124.58072921247,126.01681831002,121.46920283445,126.01681831002,9306
2015-08-10,126.01681831002,130.5644337856,126.25616649295,128.41030013927,8260
2015-08-11,128.41030013927,126.25616649295,121.9478992003,122.66594374907,2244
2015-08-12,120.51181010275,121.46920283445,118.1183282735,120.27246191982,4305
2015-08-13,120.0331137369,123.62333648077,118.59702463935,120.0331137369,8463
2015-08-16,121.46920283445,122.905291932,119.31506918812,119.31506918812,15570
2015-08-17,121.22985465152,129.84638923682,121.22985465152,129.84638923682,14033
2015-08-18,132.00052288315,137.74487927335,132.00052288315,137.74487927335,17564
2015-08-19,137.74487927335,140.1383611026,135.83009380995,139.89901291967,4816
2015-08-20,142.53184293185,144.9253247611,139.42031655382,139.42031655382,5070
2015-08-23,137.2661829075,137.2661829075,134.63335289532,134.87270107825,8354
2015-08-24,134.87270107825,135.59074562702,134.63335289532,134.87270107825,2386
2015-08-25,134.3940047124,137.02683472457,132.479219249,137.02683472457,3076
2015-08-26,134.87270107825,134.87270107825,134.63335289532,134.87270107825,1300
2015-08-27,134.63335289532,134.63335289532,133.4366119807,133.4366119807,1382
2015-08-31,132.479219249,134.15465652947,132.479219249,133.4366119807,3126
2015-09-01,133.4366119807,133.4366119807,131.76117470022,132.23987106607,6425
2015-09-02,130.08573741975,130.08573741975,130.08573741975,130.08573741975,1000
2015-09-03,128.17095195635,128.17095195635,125.05942557832,125.05942557832,760
2015-09-06,127.21355922465,129.84638923682,127.21355922465,128.6496483222,1710
2015-09-07,130.80378196852,132.71856743192,127.45290740757,132.23987106607,2252
2015-09-08,132.479219249,132.479219249,130.5644337856,130.5644337856,651
2015-09-09,128.6496483222,128.6496483222,128.6496483222,128.6496483222,41
2015-09-10,126.7348628588,130.80378196852,126.7348628588,128.41030013927,7097
2015-09-13,128.6496483222,133.4366119807,128.6496483222,133.4366119807,9190
2015-09-14,135.83009380995,136.06944199287,131.5218265173,133.4366119807,4489
2015-09-15,135.83009380995,134.63335289532,130.08573741975,132.23987106607,1356
2015-09-16,131.04313015145,131.04313015145,130.08573741975,130.32508560267,1186
2015-09-17,130.5644337856,130.5644337856,127.45290740757,128.6496483222,5292
2015-09-22,126.49551467587,126.49551467587,122.905291932,122.905291932,9991
2015-09-23,125.05942557832,127.21355922465,123.8626846637,125.05942557832,9252
2015-09-24,122.905291932,124.10203284662,122.905291932,123.8626846637,956
2015-09-28,121.70855101737,122.42659556615,120.51181010275,121.46920283445,1581
2015-09-29,121.46920283445,123.62333648077,121.46920283445,121.46920283445,2289
2015-09-30,119.55441737105,125.7774701271,119.55441737105,121.46920283445,4851
2015-10-01,122.66594374907,123.8626846637,120.0331137369,123.62333648077,5128
2015-10-04,122.66594374907,122.66594374907,119.79376555397,121.70855101737,2200
2015-10-05,123.8626846637,123.8626846637,119.55441737105,120.27246191982,2871
2015-10-06,120.27246191982,120.27246191982,117.87898009057,119.0757210052,5822
2015-10-07,119.0757210052,121.46920283445,119.0757210052,121.46920283445,511
2015-10-08,121.46920283445,132.23987106607,119.79376555397,132.23987106607,15581
2015-10-11,134.3940047124,143.9679320294,134.3940047124,140.61705746845,93601
2015-10-14,143.0105392977,143.0105392977,131.76117470022,132.00052288315,9865
2015-10-15,129.84638923682,133.19726379777,127.6922555905,133.19726379777,6688
2015-10-18,131.04313015145,132.23987106607,130.32508560267,132.23987106607,8306
2015-10-19,131.5218265173,133.4366119807,130.80378196852,133.4366119807,2033
2015-10-25,131.04313015145,131.04313015145,128.6496483222,128.88899650512,2481
2015-10-27,126.7348628588,126.7348628588,125.05942557832,126.7348628588,3737
2015-10-28,124.58072921247,126.7348628588,122.66594374907,125.29877376125,2955
2015-10-29,126.25616649295,127.45290740757,125.29877376125,126.25616649295,1970
2015-11-01,126.01681831002,126.01681831002,121.46920283445,122.905291932,4509
2015-11-02,121.46920283445,126.25616649295,121.46920283445,124.10203284662,3088
2015-11-03,122.66594374907,123.14464011492,122.66594374907,123.14464011492,81
2015-11-04,121.22985465152,126.25616649295,121.22985465152,125.29877376125,1462
2015-11-05,124.58072921247,124.58072921247,123.8626846637,123.8626846637,878
2015-11-08,121.70855101737,124.34138102955,121.70855101737,124.34138102955,607
2015-11-09,126.01681831002,129.36769287097,126.01681831002,129.36769287097,4949
2015-11-10,127.21355922465,129.84638923682,127.21355922465,127.93160377342,8443
2015-11-15,126.49551467587,127.45290740757,126.25616649295,127.45290740757,1170
2015-11-16,125.53812194417,126.49551467587,125.53812194417,126.49551467587,250
2015-11-18,127.45290740757,127.45290740757,125.53812194417,126.25616649295,1230
2015-11-19,127.45290740757,127.45290740757,123.8626846637,125.05942557832,1940
2015-11-22,123.8626846637,123.8626846637,121.70855101737,121.9478992003,2625
2015-11-23,121.46920283445,121.9478992003,121.22985465152,121.9478992003,4235
2015-11-24,124.10203284662,124.10203284662,121.70855101737,122.66594374907,1170
2015-11-25,124.10203284662,124.10203284662,120.9905064686,121.46920283445,6331
2015-11-26,120.51181010275,121.46920283445,117.87898009057,120.75115828567,2656
2015-11-29,119.55441737105,119.55441737105,114.2887573467,114.2887573467,9273
2015-11-30,116.2035428101,121.46920283445,115.2461500784,116.92158735887,4935
2015-12-01,116.92158735887,122.42659556615,118.83637282227,122.42659556615,5943
2015-12-02,120.27246191982,121.70855101737,120.27246191982,121.70855101737,3272
2015-12-03,122.66594374907,123.62333648077,121.46920283445,121.46920283445,3472
2015-12-04,123.62333648077,125.7774701271,123.62333648077,125.05942557832,2902
2015-12-07,122.905291932,122.905291932,122.42659556615,122.66594374907,860
2015-12-08,120.75115828567,122.66594374907,120.75115828567,121.70855101737,2091
2015-12-09,123.8626846637,126.01681831002,123.8626846637,126.01681831002,1612
2015-12-10,126.01681831002,126.01681831002,121.46920283445,125.05942557832,934
2015-12-13,125.05942557832,125.05942557832,122.905291932,122.905291932,1652
2015-12-14,121.9478992003,122.18724738322,121.46920283445,121.46920283445,2818
2015-12-15,120.51181010275,120.51181010275,119.0757210052,120.27246191982,3918
2015-12-16,121.46920283445,122.18724738322,120.9905064686,121.46920283445,7554
2015-12-17,121.70855101737,125.7774701271,121.70855101737,125.05942557832,1388
2015-12-20,125.05942557832,129.36769287097,124.34138102955,128.88899650512,16618
2015-12-21,128.88899650512,140.37770928552,128.88899650512,140.37770928552,47347
2015-12-22,142.77119111477,147.55815477327,135.83009380995,136.3087901758,21836
2015-12-23,136.3087901758,135.83009380995,132.479219249,132.479219249,6162
2015-12-24,131.04313015145,135.83009380995,131.04313015145,135.83009380995,11469
2015-12-25,133.91530834655,134.63335289532,133.19726379777,133.91530834655,12349
2015-12-28,133.91530834655,134.3940047124,132.71856743192,133.19726379777,2290
2015-12-29,133.19726379777,135.3513974441,132.479219249,133.4366119807,7138
2015-12-31,133.4366119807,136.54813835872,133.4366119807,135.3513974441,5772
2016-01-03,133.4366119807,137.74487927335,133.19726379777,137.74487927335,8407
2016-01-04,137.74487927335,140.1383611026,133.91530834655,134.87270107825,6760
2016-01-05,137.02683472457,137.02683472457,133.4366119807,134.63335289532,4135
2016-01-06,132.23987106607,135.11204926117,132.23987106607,133.4366119807,4686
2016-01-07,135.83009380995,138.2235756392,134.63335289532,137.02683472457,7371
2016-01-10,137.02683472457,138.2235756392,134.87270107825,137.74487927335,5622
2016-01-11,138.2235756392,140.37770928552,136.06944199287,139.42031655382,11440
2016-01-12,139.42031655382,139.65966473675,138.46292382212,138.46292382212,4907
2016-01-13,138.46292382212,140.85640565137,137.50553109042,140.37770928552,2677
2016-01-14,140.61705746845,144.20728021232,139.1809683709,144.20728021232,22823
2016-01-17,146.60076204157,155.21729662687,143.24988748062,150.19098478545,65709
2016-01-18,148.7548956879,159.2862157366,148.03685113912,152.5844666147,19463
2016-01-19,150.43033296837,151.627073883,144.68597657817,149.7122884196,15212
2016-01-20,152.34511843177,160.96165301707,152.34511843177,155.69599299272,53666
2016-01-21,155.69599299272,157.3714302732,151.86642206592,153.30251116347,23814
2016-01-24,153.30251116347,157.13208209027,154.73860026102,157.13208209027,34629
2016-01-25,158.56817118782,160.96165301707,155.93534117565,156.17468935857,7231
2016-01-26,156.17468935857,157.61077845612,155.69599299272,156.17468935857,16386
2016-01-27,156.17468935857,154.97794844395,152.5844666147,153.78120752932,4958
2016-01-28,152.5844666147,153.78120752932,151.627073883,153.06316298055,6324
2016-01-31,154.97794844395,154.97794844395,150.43033296837,151.14837751715,5068
2016-02-01,151.14837751715,154.4992520781,150.6696811513,153.5418593464,12969
2016-02-02,153.78120752932,156.17468935857,152.5844666147,152.5844666147,7156
2016-02-03,152.5844666147,152.5844666147,150.6696811513,151.14837751715,4671
2016-02-04,152.5844666147,154.73860026102,150.90902933422,154.73860026102,11203
2016-02-07,154.73860026102,158.3288230049,153.78120752932,156.17468935857,12440
2016-02-08,156.17468935857,155.93534117565,153.5418593464,154.97794844395,10270
2016-02-11,154.97794844395,154.97794844395,152.5844666147,152.5844666147,4680
2016-02-14,149.95163660252,152.34511843177,148.03685113912,150.19098478545,7802
2016-02-15,150.19098478545,154.97794844395,146.60076204157,154.97794844395,10726
2016-02-16,154.97794844395,157.3714302732,150.43033296837,151.627073883,4767
2016-02-17,151.627073883,154.97794844395,147.7975029562,154.97794844395,14601
2016-02-18,154.97794844395,156.4140375415,154.4992520781,154.4992520781,20751
2016-02-21,156.89273390735,156.89273390735,153.78120752932,154.97794844395,21553
2016-02-22,153.78120752932,156.17468935857,153.78120752932,154.97794844395,6229
2016-02-23,154.97794844395,159.52556391952,153.78120752932,158.56817118782,16364
2016-02-24,157.3714302732,158.08947482197,154.97794844395,156.17468935857,4249
2016-02-25,153.78120752932,158.56817118782,152.82381479762,153.78120752932,5816
2016-02-28,153.78120752932,156.17468935857,154.25990389517,154.97794844395,10168
2016-02-29,154.97794844395,154.97794844395,154.02055571225,154.73860026102,4735
2016-03-01,154.97794844395,154.97794844395,153.30251116347,153.78120752932,4675
2016-03-02,153.78120752932,159.52556391952,152.5844666147,157.13208209027,3609
2016-03-03,154.97794844395,162.1583939317,154.97794844395,161.44034938292,31519
2016-03-06,159.76491210245,165.74861667557,159.76491210245,164.55187576095,22567
2016-03-10,166.9453575902,179.63081128523,166.9453575902,179.63081128523,69293
2016-03-13,182.74233766325,189.44408678515,181.3062485657,182.98168584618,133833
2016-03-14,184.89647130958,184.89647130958,172.92906216332,174.6044994438,31398
2016-03-15,173.16841034625,175.08319580965,170.53558033407,172.92906216332,14526
2016-03-16,172.21101761455,176.27993672427,170.53558033407,174.84384762672,9375
2016-03-17,174.12580307795,174.6044994438,172.92906216332,173.16841034625,14604
2016-03-20,172.6897139804,174.36515126087,170.774928517,171.7323212487,16552
2016-03-21,172.45036579747,173.16841034625,168.8601430536,168.8601430536,24495
2016-03-23,169.33883941945,172.6897139804,168.8601430536,170.05688396822,8568
2016-03-24,170.05688396822,176.04058854135,169.57818760237,170.53558033407,11367
2016-03-27,170.53558033407,174.84384762672,169.33883941945,174.84384762672,25338
2016-03-28,174.84384762672,177.71602582182,171.25362488285,174.36515126087,16225
2016-03-29,174.36515126087,174.84384762672,171.01427669992,173.88645489502,7922
2016-03-30,173.88645489502,176.5192849072,171.97166943162,172.92906216332,8799
2016-03-31,172.92906216332,172.45036579747,170.53558033407,171.25362488285,7572
2016-04-03,171.25362488285,178.91276673645,169.8175357853,174.12580307795,15676
2016-04-04,174.12580307795,176.5192849072,174.12580307795,176.5192849072,12643
2016-04-05,174.12580307795,177.71602582182,174.12580307795,177.4766776389,22777
2016-04-06,177.4766776389,178.67341855352,175.80124035842,176.5192849072,17535
2016-04-10,176.5192849072,177.71602582182,174.12580307795,174.36515126087,35135
2016-04-11,174.23350976027,174.50876017063,171.20575524626,172.30675688772,2445
2016-04-12,172.30675688772,169.27900237372,167.9027503219,167.9027503219,1071
2016-04-14,167.9027503219,176.43551304318,167.9027503219,176.43551304318,3092
2016-04-17,179.46326755718,179.46326755718,173.9582593499,177.53651468463,7426
2016-04-18,177.53651468463,182.21577166082,170.65525442554,182.21577166082,12148
2016-04-19,182.21577166082,180.28901878827,176.16026263281,178.63751632609,2370
2016-04-20,178.63751632609,180.839519609,177.81176509499,180.28901878827,12246
2016-04-21,180.28901878827,187.17027904736,177.53651468463,187.17027904736,26726
2016-04-24,187.17027904736,192.40003684427,184.96827576445,189.922783151,11906
2016-04-25,189.922783151,196.25354258937,190.19803356136,194.05153930646,11479
2016-04-26,194.05153930646,192.950537665,189.37228233027,189.37228233027,6470
2016-04-27,189.37228233027,194.05153930646,187.72077986809,191.84953602355,10197
2016-04-28,191.84953602355,192.950537665,189.37228233027,189.37228233027,7618
2016-05-02,189.37228233027,191.29903520282,186.34452781627,189.922783151,18127
2016-05-03,189.922783151,191.02378479246,188.54653109918,189.922783151,7259
2016-05-04,189.922783151,189.64753274064,186.895028637,187.72077986809,5406
2016-05-05,187.72077986809,187.72077986809,181.66527084009,187.72077986809,6608
2016-05-08,187.72077986809,191.02378479246,183.59202371263,188.27128068882,5668
2016-05-09,189.922783151,196.25354258937,189.922783151,192.40003684427,20133
2016-05-10,195.15254094791,195.15254094791,189.09703191991,190.47328397173,3444
2016-05-11,190.47328397173,194.05153930646,189.922783151,194.05153930646,11538
2016-05-12,194.05153930646,197.35454423082,194.05153930646,194.32678971682,3940
2016-05-15,195.70304176864,197.35454423082,193.77628889609,197.07929382046,4754
2016-05-16,197.07929382046,196.25354258937,193.50103848573,196.25354258937,4406
2016-05-17,196.8040434101,200.93279956555,195.978292179,200.93279956555,16189
2016-05-18,200.93279956555,204.51105490028,200.93279956555,201.75855079664,7927
2016-05-19,201.75855079664,204.78630531064,199.55654751373,202.03380120701,14300
2016-05-22,202.03380120701,202.58430202773,198.18029546191,200.93279956555,2404
2016-05-23,200.93279956555,203.68530366919,200.10704833446,202.30905161737,14290
2016-05-24,202.30905161737,205.06155572101,202.30905161737,203.68530366919,7665
2016-05-25,203.68530366919,204.23580448992,198.45554587228,201.48330038628,13438
2016-05-26,201.48330038628,203.41005325883,194.60204012718,200.65754915519,5751
2016-05-29,200.65754915519,200.65754915519,195.42779135828,200.65754915519,10097
2016-05-30,200.65754915519,200.65754915519,196.8040434101,197.07929382046,6432
2016-05-31,197.07929382046,197.35454423082,193.50103848573,195.15254094791,7732
2016-06-01,195.15254094791,196.8040434101,192.12478643391,194.32678971682,10461
2016-06-02,194.32678971682,201.48330038628,194.32678971682,197.62979464119,14888
2016-06-05,197.62979464119,199.28129710337,192.67528725464,197.62979464119,8658
2016-06-06,197.62979464119,198.18029546191,191.84953602355,198.18029546191,4113
2016-06-07,197.90504505155,200.93279956555,195.70304176864,200.10704833446,9201
2016-06-08,200.10704833446,203.41005325883,199.8317979241,200.10704833446,11892
2016-06-09,200.93279956555,204.78630531064,200.10704833446,200.10704833446,7948
2016-06-12,200.10704833446,203.41005325883,197.62979464119,199.55654751373,4476
2016-06-13,199.55654751373,209.19031187646,200.93279956555,206.43780777283,40671
2016-06-14,210.29131351792,213.31906803192,209.19031187646,211.9428159801,35182
2016-06-15,211.9428159801,212.76856721119,209.74081269719,211.9428159801,11057
2016-06-16,211.9428159801,212.49331680083,205.61205654174,210.01606310756,14568
2016-06-19,210.01606310756,210.29131351792,204.51105490028,207.81405982465,18341
2016-06-20,207.81405982465,209.19031187646,205.61205654174,206.43780777283,10740
2016-06-21,206.43780777283,211.9428159801,206.43780777283,207.26355900392,9949
2016-06-22,210.56656392828,214.14481926301,208.08931023501,211.9428159801,11454
2016-06-23,211.9428159801,211.9428159801,205.33680613137,206.98830859355,6052
2016-06-26,206.98830859355,209.74081269719,207.26355900392,209.19031187646,7223
2016-06-27,209.19031187646,217.17257377701,210.01606310756,217.17257377701,22093
2016-06-28,217.17257377701,216.07157213556,212.21806639047,216.07157213556,12542
2016-06-29,216.07157213556,215.24582090447,213.04381762156,213.86956885265,10899
2016-06-30,213.86956885265,214.42006967338,210.84181433865,212.49331680083,19936
2016-07-03,212.49331680083,211.9428159801,210.01606310756,211.66756556974,11526
2016-07-04,211.66756556974,214.69532008374,209.19031187646,214.69532008374,5677
2016-07-05,213.04381762156,220.20032829102,210.01606310756,218.8240762392,20430
2016-07-06,218.27357541847,227.08158855011,218.27357541847,223.22808280502,24816
2016-07-10,223.22808280502,224.32908444647,217.44782418738,223.22808280502,4691
2016-07-11,223.22808280502,230.9350942952,223.22808280502,227.63208937084,27375
2016-07-12,227.63208937084,229.55884224338,211.9428159801,224.60433485684,8705
2016-07-13,224.60433485684,225.15483567756,217.44782418738,222.95283239465,10620
2016-07-14,221.57658034283,227.08158855011,221.57658034283,225.15483567756,11763
2016-07-17,225.15483567756,246.07386686521,224.32908444647,246.07386686521,46553
2016-07-18,246.07386686521,251.85412548285,237.8163545543,243.04611235121,28713
2016-07-19,242.22036112012,261.21263943522,242.22036112012,258.18488492122,53355
2016-07-20,261.48788984558,282.40692103323,261.48788984558,282.40692103323,73449
2016-07-21,282.40692103323,291.7654349856,276.35141200522,284.60892431614,43680
2016-07-25,284.60892431614,306.9042075556,284.8841747265,306.9042075556,63729
2016-07-26,306.9042075556,320.11622725306,301.39919934833,311.58346453179,37909
2016-07-27,311.58346453179,316.26272150797,298.64669524469,311.30821412142,40667
2016-07-28,311.30821412142,308.00520919706,296.99519278251,305.52795550378,33191
2016-07-31,305.52795550378,307.72995878669,294.51793908923,299.47244647578,28865
2016-08-01,299.47244647578,302.77545140015,287.63667883014,297.27044319287,33867
2016-08-02,297.27044319287,293.14168703741,289.01293088196,289.01293088196,58079
2016-08-03,289.01293088196,294.24268867887,284.05842349541,289.56343170269,23444
2016-08-04,289.56343170269,287.63667883014,276.62666241559,280.75541857104,30904
2016-08-07,280.75541857104,290.66443334414,280.75541857104,281.30591939177,25130
2016-08-08,281.30591939177,279.37916651923,261.76314025594,262.8641418974,16460
2016-08-09,267.81864928395,287.63667883014,267.81864928395,287.63667883014,3567
2016-08-10,291.7654349856,294.51793908923,271.39690461868,289.01293088196,50652
2016-08-11,290.38918293378,294.51793908923,286.81092759905,294.51793908923,33089
2016-08-14,289.28818129232,289.28818129232,276.62666241559,280.75541857104,20056
2016-08-15,285.43467554723,290.66443334414,274.14940872231,280.75541857104,27993
2016-08-16,280.75541857104,289.28818129232,280.75541857104,285.15942513686,30158
2016-08-17,281.30591939177,291.7654349856,281.30591939177,289.01293088196,16569
2016-08-21,284.8841747265,292.59118621669,284.8841747265,287.63667883014,8813
2016-08-22,289.01293088196,289.01293088196,278.55341528813,279.10391610886,6697
2016-08-23,278.00291446741,284.33367390577,274.69990954304,280.75541857104,12823
2016-08-24,284.60892431614,284.60892431614,275.52566077413,280.75541857104,7338
2016-08-28,283.50792267468,283.50792267468,277.45241364668,279.37916651923,5090
2016-08-29,281.03066898141,287.63667883014,279.37916651923,284.33367390577,14088
2016-08-30,289.01293088196,289.56343170269,284.33367390577,288.73768047159,16862
2016-08-31,284.8841747265,290.38918293378,284.8841747265,288.73768047159,19708
2016-09-01,286.26042677832,291.7654349856,286.26042677832,288.46243006123,15887
2016-09-04,286.53567718868,296.99519278251,285.98517636796,294.51793908923,13611
2016-09-05,294.51793908923,304.42695386233,294.51793908923,300.8486985276,34803
2016-09-06,300.02294729651,304.15170345196,292.04068539596,296.71994237214,25608
2016-09-07,298.64669524469,306.9042075556,292.04068539596,306.9042075556,62511
2016-09-08,303.05070181051,304.97745468306,300.02294729651,303.8764530416,15717
2016-09-11,304.15170345196,309.65671165924,300.57344811724,302.77545140015,29449
2016-09-12,302.77545140015,305.52795550378,302.22495057942,302.77545140015,29095
2016-09-14,304.15170345196,305.25270509342,301.67444975869,302.77545140015,11695
2016-09-18,301.39919934833,303.32595222087,298.64669524469,300.02294729651,11307
2016-09-20,308.55571001779,308.55571001779,300.02294729651,301.12394893796,42584
2016-09-21,299.19719606542,301.39919934833,294.51793908923,295.89419114105,24012
2016-09-22,297.8209440136,297.8209440136,288.18717965087,294.24268867887,31362
2016-09-25,297.8209440136,297.8209440136,288.18717965087,294.24268867887,31362
2016-09-26,287.77430403532,284.8841747265,272.08503064459,278.69104049332,10691
2016-09-27,279.51679172441,282.40692103323,277.45241364668,277.45241364668,4456
2016-09-28,277.45241364668,279.51679172441,276.62666241559,277.45241364668,1414
2016-09-29,272.49790626013,276.62666241559,272.49790626013,276.62666241559,3261
2016-10-02,281.99404541768,282.40692103323,276.62666241559,280.75541857104,4644
2016-10-03,280.75541857104,284.8841747265,276.62666241559,277.45241364668,2351
2016-10-04,276.62666241559,280.75541857104,275.38803556895,275.8009111845,7550
2016-10-05,280.75541857104,280.75541857104,275.38803556895,280.75541857104,1002
2016-10-06,282.81979664877,284.8841747265,276.62666241559,281.99404541768,2238
2016-10-16,281.99404541768,290.25155772859,280.3425429555,281.99404541768,1795
2016-10-17,281.99404541768,281.99404541768,272.49790626013,276.21378680004,3931
2016-10-18,272.91078187568,278.69104049332,272.91078187568,276.62666241559,1206
2016-10-19,275.8009111845,276.62666241559,272.49790626013,274.56228433786,3950
2016-10-20,279.51679172441,279.51679172441,272.91078187568,276.21378680004,2944
2016-10-23,272.49790626013,274.56228433786,270.4335281824,270.4335281824,6226
2016-10-24,272.49790626013,272.91078187568,267.95627448913,269.60777695131,7673
2016-10-25,268.36915010468,268.36915010468,264.24039394922,266.30477202695,3856
2016-10-26,268.36915010468,268.36915010468,264.24039394922,265.06614518031,4364
2016-10-27,260.11163779376,266.30477202695,260.11163779376,263.41464271813,2964
2016-11-03,260.11163779376,268.36915010468,258.46013533158,266.30477202695,906
2016-11-07,266.71764764249,266.71764764249,253.91850356058,258.04725971603,1784
2016-11-08,260.11163779376,260.11163779376,249.78974740512,251.85412548285,5340
2016-11-09,253.09275232949,253.09275232949,245.24811563412,247.72536932739,5406
2016-11-10,249.78974740512,250.61549863621,246.07386686521,247.72536932739,4874
2016-11-13,251.85412548285,251.85412548285,246.8996180963,247.72536932739,7038
2016-11-14,251.4412498673,251.4412498673,245.66099124966,247.72536932739,6752
2016-11-15,251.85412548285,252.67987671394,243.59661317194,246.48674248076,7995
2016-11-16,245.66099124966,247.72536932739,242.77086194084,245.66099124966,4803
2016-11-17,245.66099124966,245.66099124966,239.46785701648,239.46785701648,5087
2016-11-20,235.75197647657,235.75197647657,218.8240762392,229.55884224338,6046
2016-11-21,232.03609593666,233.27472278329,223.3657080102,229.14596662784,6653
2016-11-22,231.21034470557,231.21034470557,222.12708116356,227.08158855011,6174
2016-11-23,222.95283239465,222.95283239465,214.69532008374,216.75969816147,9827
2016-11-24,220.88845431692,222.95283239465,215.93394693038,217.58544939256,10536
2016-11-27,215.52107131483,217.99832500811,206.43780777283,207.26355900392,14556
2016-11-28,204.3734296951,220.88845431692,198.18029546191,216.75969816147,20030
2016-11-29,212.63094200601,231.21034470557,208.50218585056,229.14596662784,6827
2016-11-30,231.21034470557,243.18373755639,227.08158855011,237.8163545543,17082
2016-12-01,239.46785701648,243.59661317194,229.55884224338,237.40347893875,12639
2016-12-04,235.75197647657,235.75197647657,230.38459347447,230.38459347447,3739
2016-12-05,229.55884224338,230.38459347447,218.8240762392,225.01721047238,3418
2016-12-06,228.73309101229,229.14596662784,222.95283239465,227.08158855011,3030
2016-12-07,228.73309101229,228.32021539675,224.19145924129,227.08158855011,1850
2016-12-08,225.43008608793,227.08158855011,222.95283239465,222.95283239465,4444
2016-12-11,222.95283239465,223.3657080102,218.41120062365,218.8240762392,3290
2016-12-12,218.8240762392,218.8240762392,212.63094200601,216.75969816147,1484
2016-12-14,220.88845431692,220.88845431692,216.75969816147,218.8240762392,5246
2016-12-15,220.88845431692,223.77858362574,218.8240762392,223.77858362574,4365
2016-12-18,222.95283239465,222.95283239465,216.75969816147,222.95283239465,6847
2016-12-19,220.88845431692,220.88845431692,214.69532008374,214.69532008374,6963
2016-12-20,214.69532008374,218.8240762392,208.50218585056,214.69532008374,9974
2016-12-21,210.97943954383,216.75969816147,206.43780777283,210.97943954383,6654
2016-12-22,210.56656392828,211.80519077492,208.9150614661,211.80519077492,8026
2016-12-26,207.67643461946,210.56656392828,205.19918092619,205.19918092619,7763
2016-12-27,201.48330038628,208.9150614661,199.41892230855,204.3734296951,10568
2016-12-28,206.43780777283,208.50218585056,204.3734296951,205.61205654174,5725
2016-12-29,207.26355900392,217.17257377701,207.26355900392,217.17257377701,19494
2017-01-01,220.88845431692,229.14596662784,220.88845431692,225.01721047238,18373
2017-01-02,227.08158855011,231.21034470557,225.01721047238,225.43008608793,19457
2017-01-03,227.08158855011,227.08158855011,218.8240762392,218.8240762392,8202
2017-01-04,220.88845431692,220.88845431692,210.56656392828,218.8240762392,6130
2017-01-05,214.69532008374,220.06270308583,214.69532008374,217.99832500811,8287
2017-01-08,216.75969816147,218.41120062365,214.69532008374,216.34682254592,5593
2017-01-09,216.75969816147,222.95283239465,215.10819569929,222.95283239465,5545
2017-01-10,222.95283239465,227.08158855011,222.95283239465,222.95283239465,4148
2017-01-11,227.08158855011,227.08158855011,222.95283239465,222.95283239465,8359
2017-01-12,222.95283239465,225.43008608793,219.23695185474,223.77858362574,5428
2017-01-15,220.88845431692,223.77858362574,218.8240762392,220.47557870138,2339
2017-01-16,220.47557870138,221.30132993247,217.58544939256,218.8240762392,2058
2017-01-17,217.58544939256,218.41120062365,215.93394693038,215.93394693038,3270
2017-01-18,217.99832500811,218.8240762392,214.69532008374,214.69532008374,3386
2017-01-19,216.75969816147,218.41120062365,215.10819569929,217.99832500811,1913
2017-01-22,219.23695185474,219.23695185474,217.17257377701,217.17257377701,2773
2017-01-23,216.34682254592,216.34682254592,214.69532008374,214.69532008374,2679
2017-01-24,218.8240762392,218.8240762392,206.43780777283,209.74081269719,7839
2017-01-25,208.50218585056,208.50218585056,198.18029546191,202.30905161737,25727
2017-01-26,202.30905161737,202.30905161737,187.85840507327,189.922783151,33136
2017-01-30,186.20690261109,191.98716122873,182.49102207118,182.49102207118,12799
2017-01-31,179.60089276236,191.57428561318,179.60089276236,189.09703191991,11409
2017-02-01,192.40003684427,200.24467353964,191.98716122873,199.41892230855,9886
2017-02-02,203.13480284846,206.43780777283,198.18029546191,199.41892230855,15620
2017-02-05,203.13480284846,203.13480284846,194.05153930646,194.05153930646,3121
2017-02-06,191.98716122873,193.22578807537,187.85840507327,187.85840507327,5122
2017-02-07,188.27128068882,191.16140999764,186.20690261109,187.85840507327,4245
2017-02-08,188.68415630436,189.922783151,184.96827576445,185.79402699554,9700
2017-02-09,182.90389768672,187.03265384218,181.66527084009,183.72964891782,12428
2017-02-12,187.03265384218,187.03265384218,171.75625606699,177.12363906909,11551
2017-02-13,174.23350976027,182.90389768672,170.51762922036,181.66527084009,11039
2017-02-14,184.55540014891,184.55540014891,175.05926099136,180.42664399345,13085
2017-02-15,183.72964891782,188.27128068882,182.49102207118,187.03265384218,12899
2017-02-16,187.85840507327,189.922783151,185.79402699554,187.03265384218,15709
2017-02-19,186.61977822664,186.61977822664,182.07814645563,183.72964891782,23260
2017-02-20,187.03265384218,187.85840507327,181.66527084009,181.66527084009,17150
2017-02-21,184.96827576445,191.98716122873,180.42664399345,181.25239522454,18863
2017-02-22,182.49102207118,182.49102207118,177.53651468463,179.18801714681,22813
2017-02-23,177.12363906909,182.49102207118,176.29788783799,181.66527084009,14367
2017-02-26,183.72964891782,183.72964891782,177.53651468463,179.18801714681,6391
2017-02-28,175.88501222245,175.88501222245,172.16913168254,173.82063414472,16732
2017-03-01,173.82063414472,177.53651468463,173.82063414472,177.53651468463,5008
2017-03-02,179.60089276236,179.60089276236,175.4721366069,179.60089276236,5828
2017-03-05,178.36226591572,184.96827576445,178.36226591572,182.90389768672,12347
2017-03-06,184.96827576445,188.27128068882,184.14252453336,185.38115138,9615
2017-03-07,182.49102207118,182.90389768672,181.25239522454,181.66527084009,5596
2017-03-09,183.31677330227,186.61977822664,183.31677330227,183.72964891782,3547
2017-03-13,183.72964891782,185.79402699554,181.66527084009,181.66527084009,5870
2017-03-14,184.55540014891,185.79402699554,181.66527084009,182.07814645563,9273
2017-03-15,185.38115138,185.38115138,182.90389768672,184.96827576445,3091
2017-03-16,186.61977822664,186.61977822664,182.07814645563,183.72964891782,9046
2017-03-19,183.72964891782,187.44552945773,183.72964891782,186.20690261109,10196
2017-03-20,187.85840507327,191.98716122873,187.85840507327,190.33565876655,16216
2017-03-21,190.74853438209,199.8317979241,189.922783151,199.8317979241,26819
2017-03-22,203.54767846401,212.63094200601,200.24467353964,202.30905161737,45578
2017-03-23,206.85068338837,212.21806639047,203.54767846401,210.97943954383,42052
2017-03-26,211.80519077492,232.03609593666,211.39231515937,232.03609593666,86224
2017-03-28,232.03609593666,250.20262302067,236.57772770766,245.66099124966,63335
2017-03-29,245.66099124966,253.91850356058,227.08158855011,233.27472278329,122754
2017-03-30,233.27472278329,238.22923016984,229.14596662784,236.99060332321,151987
2017-04-03,236.82545307699,260.11163779376,241.28450972488,249.70717228201,86048
2017-04-04,249.70717228201,251.68897523663,237.8163545543,245.24811563412,38622
2017-04-06,245.24811563412,245.24811563412,234.84365012237,238.80725603161,42085
2017-04-09,239.79815750892,240.29360824757,232.86184716775,233.85274864506,26361
2017-04-10,234.34819938371,240.29360824757,231.37549495178,233.3572979064,24705
2017-04-11,232.86184716775,244.75266489546,232.86184716775,242.27541120219,29427
2017-04-12,243.76176341815,247.72536932739,237.8163545543,237.8163545543,43976
2017-04-13,235.33910086102,238.80725603161,231.87094569044,233.85274864506,25576
2017-04-16,234.84365012237,238.31180529295,226.42098756524,227.9073397812,14433
2017-04-18,223.94373387196,227.9073397812,219.48467722407,222.95283239465,26897
2017-04-19,222.95283239465,232.36639642909,224.43918461062,229.39369199717,15551
2017-04-20,229.88914273582,239.30270677026,229.39369199717,230.38459347447,32994
2017-04-23,234.84365012237,253.17532745259,234.84365012237,235.83455159968,42569
2017-04-24,233.85274864506,234.84365012237,230.88004421313,232.36639642909,23133
2017-04-25,230.38459347447,233.85274864506,229.88914273582,232.36639642909,17195
2017-04-26,232.86184716775,233.85274864506,230.38459347447,231.37549495178,9098
2017-04-27,229.39369199717,235.33910086102,229.39369199717,230.88004421313,15743
2017-04-30,227.9073397812,232.86184716775,224.93463534927,227.41188904255,18728
2017-05-02,225.43008608793,231.87094569044,220.47557870138,227.9073397812,22562
2017-05-03,232.86184716775,236.82545307699,226.42098756524,228.40279051986,13689
2017-05-04,228.40279051986,236.82545307699,224.93463534927,227.9073397812,10579
2017-05-07,228.40279051986,229.88914273582,224.43918461062,224.93463534927,5619
2017-05-08,220.97102944003,230.38459347447,220.97102944003,227.9073397812,16791
2017-05-09,227.9073397812,228.40279051986,223.94373387196,226.42098756524,21081
2017-05-11,230.38459347447,230.88004421313,228.40279051986,229.88914273582,12423
2017-05-15,232.86184716775,233.3572979064,227.9073397812,230.38459347447,10542
2017-05-16,228.40279051986,230.38459347447,225.43008608793,225.92553682658,7225
2017-05-17,225.43008608793,227.9073397812,224.93463534927,225.43008608793,4811
2017-05-18,225.43008608793,226.91643830389,222.95283239465,223.44828313331,6117
2017-05-21,227.9073397812,227.9073397812,219.98012796272,222.95283239465,10460
2017-05-22,218.49377574676,222.95283239465,218.49377574676,221.46648017869,3174
2017-05-23,220.47557870138,225.43008608793,219.48467722407,222.95283239465,6912
2017-05-24,222.95283239465,225.92553682658,221.96193091734,225.43008608793,11662
2017-05-28,224.93463534927,225.43008608793,220.47557870138,223.44828313331,9086
2017-05-30,222.95283239465,222.95283239465,218.49377574676,219.98012796272,7182
2017-05-31,219.98012796272,225.43008608793,217.50287426945,222.95283239465,8727
2017-06-01,225.43008608793,227.41188904255,219.98012796272,220.97102944003,14518
2017-06-04,222.95283239465,222.95283239465,217.99832500811,220.47557870138,10779
2017-06-05,220.97102944003,222.95283239465,219.48467722407,219.48467722407,12176
2017-06-06,222.95283239465,226.91643830389,221.96193091734,224.93463534927,10899
2017-06-07,229.39369199717,229.39369199717,222.95283239465,224.43918461062,14334
2017-06-08,219.98012796272,223.94373387196,219.98012796272,222.457381656,6842
2017-06-11,218.98922648541,221.96193091734,217.99832500811,219.48467722407,7886
2017-06-12,220.47557870138,220.97102944003,215.02562057618,220.47557870138,9184
2017-06-13,217.0074235308,219.98012796272,215.52107131483,215.52107131483,13963
2017-06-14,215.52107131483,217.99832500811,215.02562057618,215.52107131483,8869
2017-06-15,216.01652205349,218.98922648541,214.03471909887,217.99832500811,15064
2017-06-18,217.99832500811,217.99832500811,212.05291614425,213.53926836021,19261
2017-06-19,213.53926836021,213.53926836021,206.60295801905,211.55746540559,21359
2017-06-20,212.5483668829,212.5483668829,205.61205654174,209.57566245097,12740
2017-06-21,206.60295801905,210.56656392828,206.60295801905,209.08021171232,6334
2017-06-22,209.08021171232,212.5483668829,208.08931023501,208.58476097366,16465
2017-06-25,210.56656392828,211.06201466694,207.59385949635,209.57566245097,10516
2017-06-27,210.07111318963,210.56656392828,208.08931023501,209.57566245097,11352
2017-06-28,205.61205654174,212.05291614425,205.61205654174,212.05291614425,10162
2017-07-02,212.05291614425,213.04381762156,207.59385949635,212.05291614425,14946
2017-07-03,208.08931023501,213.04381762156,208.08931023501,209.57566245097,7794
2017-07-04,209.57566245097,211.06201466694,207.59385949635,208.08931023501,13712
2017-07-05,209.08021171232,210.56656392828,207.59385949635,210.56656392828,11348
2017-07-06,213.04381762156,216.51197279214,210.56656392828,213.04381762156,18660
2017-07-09,216.51197279214,220.97102944003,213.04381762156,218.49377574676,20091
2017-07-10,217.99832500811,217.99832500811,213.04381762156,214.53016983752,12785
2017-07-11,214.53016983752,217.99832500811,213.04381762156,215.52107131483,9864
2017-07-12,215.52107131483,217.99832500811,214.03471909887,214.53016983752,8794
2017-07-13,216.01652205349,216.51197279214,213.04381762156,213.53926836021,12875
2017-07-16,214.03471909887,215.52107131483,213.04381762156,214.53016983752,4465
2017-07-17,214.53016983752,221.96193091734,214.53016983752,221.46648017869,16129
2017-07-18,222.457381656,233.85274864506,222.457381656,233.85274864506,27796
2017-07-19,232.86184716775,232.86184716775,227.9073397812,227.9073397812,21239
2017-07-20,227.9073397812,230.38459347447,224.93463534927,229.39369199717,10954
2017-07-23,230.38459347447,230.38459347447,225.43008608793,227.41188904255,16709
2017-07-24,227.9073397812,227.9073397812,224.93463534927,225.43008608793,13393
2017-07-25,225.43008608793,228.40279051986,224.93463534927,226.91643830389,16138
2017-07-26,222.457381656,227.9073397812,221.96193091734,222.95283239465,22953
2017-07-27,222.95283239465,227.9073397812,222.95283239465,227.9073397812,11335
2017-07-30,224.93463534927,228.40279051986,220.47557870138,223.44828313331,9537
2017-07-31,222.95283239465,227.41188904255,222.95283239465,224.93463534927,12315
2017-08-01,223.44828313331,232.36639642909,222.95283239465,224.93463534927,9280
2017-08-02,225.43008608793,225.92553682658,224.43918461062,224.93463534927,12168
2017-08-03,224.93463534927,227.41188904255,222.95283239465,224.43918461062,14097
2017-08-06,222.95283239465,225.92553682658,222.95283239465,224.93463534927,18930
2017-08-07,229.39369199717,229.39369199717,223.94373387196,224.43918461062,11926
2017-08-09,219.98012796272,227.9073397812,219.98012796272,222.95283239465,17516
2017-08-10,222.95283239465,224.93463534927,219.48467722407,221.96193091734,21245
2017-08-13,220.47557870138,222.457381656,217.99832500811,220.47557870138,14415
2017-08-15,220.47557870138,220.97102944003,218.49377574676,218.49377574676,15104
2017-08-16,218.98922648541,221.96193091734,218.98922648541,219.98012796272,11304
2017-08-17,222.457381656,222.457381656,217.0074235308,219.48467722407,23326
2017-08-20,215.52107131483,219.98012796272,215.52107131483,217.99832500811,16054
2017-08-21,217.99832500811,218.98922648541,214.03471909887,217.0074235308,5674
2017-08-22,216.01652205349,218.98922648541,216.01652205349,218.49377574676,12396
2017-08-23,217.99832500811,218.98922648541,217.0074235308,218.49377574676,7718
2017-08-24,218.49377574676,224.43918461062,215.02562057618,219.48467722407,11438
2017-08-27,219.48467722407,223.44828313331,219.48467722407,220.97102944003,3889
2017-08-28,219.98012796272,223.94373387196,219.98012796272,220.97102944003,7897
2017-08-30,217.99832500811,219.48467722407,215.52107131483,217.0074235308,14820
2017-08-31,217.0074235308,217.0074235308,214.03471909887,216.51197279214,15528
2017-09-04,216.51197279214,217.50287426945,211.06201466694,213.04381762156,33009
2017-09-06,213.04381762156,217.99832500811,210.56656392828,217.0074235308,11603
2017-09-07,215.52107131483,217.0074235308,211.06201466694,212.05291614425,34082
2017-09-10,210.56656392828,213.53926836021,209.57566245097,211.06201466694,37704
2017-09-11,210.56656392828,213.04381762156,208.08931023501,210.07111318963,17950
2017-09-12,209.57566245097,211.06201466694,208.08931023501,208.58476097366,27903
2017-09-13,208.08931023501,209.57566245097,207.0984087577,208.08931023501,32249
2017-09-14,208.08931023501,221.46648017869,207.59385949635,221.46648017869,42524
2017-09-17,221.96193091734,227.41188904255,217.0074235308,221.46648017869,49764
2017-09-18,222.95283239465,223.94373387196,219.48467722407,219.48467722407,33400
2017-09-20,218.49377574676,219.48467722407,215.52107131483,217.99832500811,10450
2017-09-24,217.99832500811,219.48467722407,217.50287426945,218.49377574676,3718
2017-09-25,218.49377574676,221.96193091734,217.99832500811,221.96193091734,2882
2017-09-26,220.97102944003,222.457381656,219.48467722407,220.47557870138,5132
2017-10-03,220.97102944003,224.43918461062,220.97102944003,224.43918461062,3164
2017-10-04,222.95283239465,222.95283239465,216.51197279214,217.99832500811,6475
2017-10-08,214.03471909887,214.03471909887,208.08931023501,213.53926836021,15759
2017-10-09,214.53016983752,214.53016983752,210.56656392828,212.5483668829,17649
2017-10-10,211.55746540559,217.0074235308,209.57566245097,211.55746540559,19003
2017-10-11,211.55746540559,213.53926836021,210.56656392828,212.05291614425,11993
2017-10-12,212.05291614425,215.52107131483,212.05291614425,213.04381762156,4974
2017-10-15,214.03471909887,214.53016983752,211.55746540559,214.53016983752,5553
2017-10-16,215.52107131483,223.44828313331,215.02562057618,218.98922648541,18696
2017-10-17,217.99832500811,222.95283239465,216.01652205349,222.457381656,12124
2017-10-18,220.97102944003,222.95283239465,217.0074235308,219.98012796272,12688
2017-10-22,216.01652205349,226.91643830389,216.01652205349,222.95283239465,11183
2017-10-23,222.95283239465,225.43008608793,220.47557870138,222.457381656,12644
2017-10-24,222.457381656,223.94373387196,220.47557870138,221.96193091734,9549
2017-10-25,219.98012796272,223.44828313331,219.98012796272,222.457381656,17137
2017-10-29,218.49377574676,221.46648017869,217.99832500811,218.98922648541,7203
2017-10-30,218.49377574676,219.48467722407,216.51197279214,216.51197279214,13723
2017-10-31,214.53016983752,217.99832500811,214.53016983752,216.51197279214,8889
2017-11-01,212.5483668829,216.51197279214,212.5483668829,215.02562057618,6291
2017-11-02,215.02562057618,218.98922648541,213.04381762156,217.99832500811,8331
2017-11-05,217.99832500811,217.99832500811,210.07111318963,213.04381762156,16936
2017-11-06,213.04381762156,213.04381762156,208.08931023501,212.5483668829,29796
2017-11-07,216.01652205349,216.01652205349,208.08931023501,209.08021171232,26141
2017-11-08,205.11660580308,209.08021171232,205.11660580308,206.10750728039,17305
2017-11-09,206.10750728039,211.55746540559,204.12570432577,205.61205654174,9434
2017-11-12,205.61205654174,210.56656392828,205.61205654174,209.57566245097,9098
2017-11-13,211.06201466694,212.05291614425,208.08931023501,212.05291614425,14684
2017-11-14,213.04381762156,215.02562057618,210.07111318963,214.03471909887,14580
2017-11-15,213.04381762156,214.03471909887,211.06201466694,212.05291614425,3596
2017-11-16,215.52107131483,215.52107131483,208.08931023501,208.08931023501,13740
2017-11-19,208.08931023501,209.08021171232,204.12570432577,208.08931023501,13373
2017-11-20,207.0984087577,209.08021171232,207.0984087577,208.58476097366,4579
2017-11-21,208.58476097366,210.56656392828,208.58476097366,209.57566245097,4762
2017-11-22,209.57566245097,212.5483668829,208.58476097366,210.56656392828,5998
2017-11-23,210.56656392828,213.04381762156,210.56656392828,210.56656392828,7260
2017-11-26,210.56656392828,218.49377574676,210.56656392828,214.03471909887,10953
2017-11-27,215.52107131483,215.52107131483,213.04381762156,213.04381762156,6918
2017-11-28,213.04381762156,214.03471909887,210.56656392828,213.53926836021,12551
2017-11-29,213.04381762156,217.50287426945,213.04381762156,216.01652205349,19013
2017-11-30,216.01652205349,217.0074235308,213.53926836021,216.51197279214,10518
2017-12-04,216.51197279214,216.51197279214,213.04381762156,215.52107131483,10306
2017-12-05,218.98922648541,218.98922648541,213.04381762156,213.53926836021,6588
2017-12-06,211.06201466694,216.51197279214,211.06201466694,215.52107131483,9725
2017-12-10,219.48467722407,223.44828313331,212.05291614425,213.04381762156,11646
2017-12-11,212.5483668829,214.53016983752,210.07111318963,213.53926836021,12873
2017-12-12,213.53926836021,213.53926836021,211.06201466694,211.55746540559,15642
2017-12-13,210.56656392828,213.53926836021,208.58476097366,212.05291614425,4262
2017-12-14,214.53016983752,214.53016983752,210.56656392828,210.56656392828,3701
2017-12-17,213.04381762156,213.04381762156,209.57566245097,209.57566245097,6121
2017-12-18,209.08021171232,211.06201466694,209.08021171232,210.56656392828,4333
2017-12-19,210.07111318963,211.06201466694,208.58476097366,210.07111318963,8052
2017-12-20,208.58476097366,211.06201466694,207.59385949635,209.57566245097,3192
2017-12-21,206.60295801905,209.57566245097,206.60295801905,208.08931023501,7557
2017-12-24,208.08931023501,212.05291614425,208.08931023501,208.58476097366,7917
2017-12-26,211.06201466694,211.06201466694,203.63025358712,208.08931023501,7244
2017-12-27,204.62115506443,207.0984087577,202.14390137115,205.61205654174,11368
2017-12-28,202.14390137115,206.60295801905,198.18029546191,203.13480284846,9917
2017-12-31,202.63935210981,202.63935210981,198.18029546191,199.17119693922,27546
2018-01-01,203.13480284846,205.11660580308,200.65754915519,205.11660580308,6665
2018-01-02,209.08021171232,213.04381762156,206.10750728039,210.56656392828,55870
2018-01-03,207.59385949635,212.05291614425,207.59385949635,209.08021171232,15373
2018-01-04,208.08931023501,208.58476097366,206.10750728039,208.58476097366,5788
2018-01-07,207.0984087577,212.5483668829,206.10750728039,209.57566245097,18051
2018-01-08,210.07111318963,213.04381762156,208.08931023501,210.56656392828,8389
2018-01-09,210.56656392828,211.55746540559,209.08021171232,210.56656392828,7302
2018-01-10,208.58476097366,211.55746540559,208.58476097366,207.0984087577,7277
2018-01-14,211.55746540559,211.55746540559,206.60295801905,208.08931023501,10523
2018-01-16,208.58476097366,208.58476097366,205.61205654174,206.60295801905,4270
2018-01-17,204.12570432577,206.60295801905,202.63935210981,204.62115506443,6401
2018-01-21,205.61205654174,208.08931023501,204.62115506443,207.59385949635,21733
2018-01-22,208.08931023501,209.08021171232,207.0984087577,208.08931023501,18056
2018-01-23,208.58476097366,208.58476097366,205.61205654174,206.10750728039,15725
2018-01-24,204.12570432577,208.08931023501,204.12570432577,207.59385949635,14131
2018-01-25,207.0984087577,208.08931023501,206.60295801905,208.08931023501,13110
2018-01-28,208.08931023501,209.57566245097,205.61205654174,206.10750728039,49337
2018-01-29,205.71114668947,206.30568757585,202.14390137115,202.73844225754,8266
2018-01-31,204.5220649167,204.5220649167,202.14390137115,204.5220649167,4790
2018-02-01,204.5220649167,205.11660580308,203.92752403031,204.5220649167,6191
2018-02-04,205.11660580308,208.08931023501,203.33298314392,208.08931023501,8959
2018-02-05,208.08931023501,208.08931023501,203.33298314392,203.33298314392,8109
2018-02-06,204.5220649167,206.30568757585,202.14390137115,206.30568757585,5214
2018-02-07,205.11660580308,205.71114668947,202.73844225754,203.33298314392,5012
2018-02-08,199.76573782561,205.11660580308,199.76573782561,203.33298314392,3523
2018-02-11,203.33298314392,203.92752403031,202.73844225754,203.33298314392,1760
2018-02-12,203.33298314392,203.33298314392,202.14390137115,202.14390137115,3785
2018-02-14,203.33298314392,203.33298314392,199.17119693922,202.14390137115,4167
2018-02-15,202.73844225754,208.08931023501,202.73844225754,208.08931023501,7548
2018-02-18,208.08931023501,213.44017821248,206.90022846224,208.08931023501,11904
2018-02-20,208.08931023501,208.6838511214,202.14390137115,203.92752403031,6728
2018-02-21,202.73844225754,202.73844225754,201.54936048477,202.14390137115,2461
2018-02-22,202.73844225754,203.33298314392,200.95481959838,202.14390137115,4099
2018-02-25,203.33298314392,203.33298314392,199.17119693922,200.95481959838,3932
2018-02-26,200.36027871199,200.36027871199,199.17119693922,199.17119693922,4951
2018-02-27,198.57665605284,203.33298314392,197.38757428007,200.95481959838,4409
2018-02-28,200.95481959838,201.54936048477,198.57665605284,198.57665605284,13018
2018-03-04,195.00941073452,196.19849250729,193.22578807537,195.00941073452,16726
2018-03-06,190.25308364344,195.00941073452,190.25308364344,194.41486984814,5748
2018-03-07,194.41486984814,197.98211516645,194.41486984814,196.19849250729,6817
2018-03-11,196.19849250729,196.79303339368,193.82032896175,193.82032896175,6491
2018-03-12,193.82032896175,196.79303339368,193.82032896175,195.00941073452,10231
2018-03-13,195.00941073452,197.98211516645,194.41486984814,197.98211516645,8561
2018-03-14,196.19849250729,199.17119693922,195.00941073452,199.17119693922,8410
2018-03-15,196.19849250729,200.36027871199,196.19849250729,199.17119693922,10440
2018-03-18,201.54936048477,201.54936048477,197.98211516645,198.57665605284,5791
2018-03-19,199.17119693922,199.17119693922,193.22578807537,193.22578807537,5937
2018-03-20,190.84762452982,194.41486984814,190.84762452982,192.03670630259,2133
2018-03-21,188.46946098428,190.84762452982,186.68583832512,187.87492009789,11081
2018-03-22,189.65854275705,190.25308364344,184.30767477958,187.87492009789,6600
2018-03-26,184.30767477958,186.09129743874,177.76772502934,178.36226591572,10390
2018-03-27,181.92951123404,193.82032896175,168.25507084716,187.87492009789,16469
2018-03-28,187.87492009789,188.46946098428,182.52405212042,184.90221566597,12154
2018-03-29,184.90221566597,190.25308364344,184.90221566597,189.06400187067,8252
2018-04-01,190.25308364344,190.25308364344,183.11859300681,186.68583832512,6979
2018-04-02,186.68583832512,189.06400187067,184.30767477958,186.68583832512,6267
2018-04-03,184.30767477958,189.06400187067,184.30767477958,187.28037921151,3431
2018-04-04,187.87492009789,193.82032896175,187.28037921151,193.22578807537,12813
2018-04-05,196.19849250729,199.17119693922,190.84762452982,196.79303339368,22167
2018-04-08,197.98211516645,206.90022846224,196.79303339368,202.14390137115,17000
2018-04-09,202.73844225754,205.71114668947,198.57665605284,199.17119693922,13810
2018-04-10,196.19849250729,200.36027871199,193.22578807537,198.57665605284,6099
2018-04-11,197.38757428007,199.17119693922,195.00941073452,199.17119693922,5135
2018-04-12,199.76573782561,202.14390137115,197.38757428007,200.36027871199,9067
2018-04-15,200.36027871199,202.14390137115,193.82032896175,202.14390137115,7648
2018-04-16,202.14390137115,202.73844225754,199.17119693922,200.95481959838,5765
2018-04-17,200.95481959838,203.92752403031,199.76573782561,200.36027871199,17345
2018-04-18,202.14390137115,210.46747378055,200.36027871199,205.11660580308,17497
2018-04-19,208.6838511214,209.87293289417,206.30568757585,208.6838511214,24467
2018-04-22,208.6838511214,219.98012796272,209.27839200778,219.38558707634,36790
2018-04-23,223.54737328104,227.11461859935,214.03471909887,214.03471909887,39505
2018-04-24,211.06201466694,217.0074235308,205.11660580308,213.44017821248,16417
2018-04-25,214.03471909887,214.03471909887,208.6838511214,209.27839200778,10118
2018-04-26,209.87293289417,210.46747378055,205.11660580308,206.90022846224,10047
2018-04-29,203.33298314392,206.90022846224,200.36027871199,204.5220649167,10608
2018-05-02,204.5220649167,203.33298314392,200.95481959838,202.73844225754,5447
2018-05-03,203.92752403031,209.27839200778,203.92752403031,205.71114668947,9858
2018-05-06,205.71114668947,205.71114668947,203.92752403031,204.5220649167,9671
2018-05-07,202.14390137115,205.11660580308,201.54936048477,203.92752403031,6251
2018-05-08,203.92752403031,203.92752403031,202.14390137115,203.92752403031,5181
2018-05-09,203.92752403031,206.30568757585,204.5220649167,204.5220649167,6849
2018-05-10,204.5220649167,205.71114668947,200.36027871199,203.92752403031,11575
2018-05-14,201.54936048477,204.5220649167,200.95481959838,202.73844225754,4201
2018-05-15,202.73844225754,203.33298314392,200.36027871199,201.54936048477,2916
2018-05-16,200.95481959838,204.5220649167,200.36027871199,202.73844225754,3039
2018-05-17,203.33298314392,203.92752403031,201.54936048477,201.54936048477,6983
2018-05-20,203.33298314392,204.5220649167,200.95481959838,202.14390137115,9261
2018-05-21,199.17119693922,202.14390137115,199.17119693922,202.14390137115,10925
2018-05-22,199.17119693922,202.14390137115,199.17119693922,200.36027871199,6973
2018-05-23,202.14390137115,202.14390137115,198.57665605284,198.57665605284,8116
2018-05-24,198.57665605284,200.95481959838,199.17119693922,199.17119693922,5963
2018-05-27,199.17119693922,199.17119693922,196.19849250729,197.38757428007,6118
2018-05-28,197.38757428007,206.30568757585,195.00941073452,202.14390137115,5764
2018-05-29,202.14390137115,203.33298314392,198.57665605284,200.36027871199,9698
2018-05-30,200.36027871199,202.14390137115,199.17119693922,201.54936048477,10982
2018-05-31,202.14390137115,202.14390137115,200.36027871199,200.95481959838,8381
2018-06-03,199.17119693922,199.76573782561,193.82032896175,196.19849250729,14980
2018-06-04,193.82032896175,196.79303339368,192.63124718898,195.60395162091,6154
2018-06-06,197.38757428007,202.14390137115,197.38757428007,199.76573782561,3379
2018-06-07,199.76573782561,199.76573782561,193.22578807537,194.41486984814,3481
2018-06-10,194.41486984814,194.41486984814,186.68583832512,188.46946098428,9920
2018-06-11,188.46946098428,193.82032896175,187.87492009789,192.03670630259,5594
2018-06-12,189.65854275705,192.03670630259,188.46946098428,190.84762452982,3235
2018-06-13,190.25308364344,191.44216541621,187.87492009789,189.06400187067,3924
2018-06-14,189.65854275705,192.63124718898,189.65854275705,190.84762452982,3956
2018-06-17,190.25308364344,190.25308364344,186.68583832512,190.25308364344,1083
2018-06-18,190.25308364344,190.25308364344,184.30767477958,186.68583832512,6878
2018-06-19,191.44216541621,191.44216541621,187.87492009789,187.87492009789,3309
2018-06-20,186.68583832512,186.68583832512,183.71313389319,185.49675655235,5309
2018-06-21,184.30767477958,187.87492009789,184.30767477958,184.30767477958,9336
2018-06-24,181.92951123404,188.46946098428,181.92951123404,186.68583832512,3045
2018-06-25,187.87492009789,187.87492009789,184.90221566597,186.09129743874,3561
2018-06-26,184.90221566597,186.09129743874,182.52405212042,184.90221566597,7623
2018-06-27,184.30767477958,185.49675655235,183.11859300681,184.90221566597,1402
2018-06-28,184.30767477958,185.49675655235,183.11859300681,185.49675655235,10595
2018-07-01,184.90221566597,184.90221566597,181.33497034765,181.33497034765,5338
2018-07-02,191.44216541621,194.41486984814,190.84762452982,194.41486984814,5188
2018-07-03,179.55134768849,183.11859300681,179.55134768849,181.33497034765,3991
2018-07-04,181.33497034765,184.30767477958,178.36226591572,183.71313389319,8901
2018-07-05,185.49675655235,189.06400187067,184.90221566597,188.46946098428,2638
2018-07-08,188.46946098428,190.84762452982,187.87492009789,188.46946098428,9349
2018-07-09,187.87492009789,187.87492009789,183.11859300681,184.30767477958,4364
2018-07-10,184.90221566597,186.68583832512,184.30767477958,186.09129743874,47740
2018-07-11,187.28037921151,188.46946098428,184.30767477958,185.49675655235,40507
2018-07-12,186.09129743874,187.28037921151,184.30767477958,184.30767477958,12730
2018-07-15,183.71313389319,186.68583832512,183.71313389319,184.90221566597,2890
2018-07-16,184.90221566597,187.28037921151,184.90221566597,186.68583832512,32979
2018-07-17,187.87492009789,188.46946098428,187.28037921151,187.28037921151,1983
2018-07-18,187.28037921151,188.46946098428,186.09129743874,188.46946098428,3133
2018-07-19,187.87492009789,188.46946098428,184.90221566597,187.28037921151,6170
2018-07-22,186.68583832512,187.87492009789,186.09129743874,186.68583832512,8337
2018-07-23,186.68583832512,188.46946098428,186.09129743874,186.09129743874,3905
2018-07-24,186.09129743874,189.06400187067,186.09129743874,186.09129743874,7297
2018-07-25,187.28037921151,187.28037921151,184.90221566597,186.68583832512,6281
2018-07-26,186.68583832512,187.28037921151,186.09129743874,187.28037921151,5608
2018-07-29,189.06400187067,189.65854275705,187.28037921151,189.06400187067,9058
2018-07-30,187.87492009789,189.65854275705,187.28037921151,189.65854275705,5984
2018-07-31,189.65854275705,190.84762452982,189.06400187067,190.84762452982,7541
2018-08-01,189.65854275705,192.03670630259,189.65854275705,191.44216541621,9526
2018-08-02,191.44216541621,194.41486984814,190.84762452982,194.41486984814,5188
2018-08-05,194.41486984814,195.00941073452,193.22578807537,195.00941073452,3712
2018-08-06,195.00941073452,195.00941073452,193.22578807537,193.82032896175,9520
2018-08-07,193.22578807537,193.82032896175,192.63124718898,193.82032896175,4342
2018-08-08,193.22578807537,194.41486984814,191.44216541621,193.22578807537,1567
2018-08-09,191.44216541621,193.22578807537,189.65854275705,192.03670630259,5748
2018-08-12,191.44216541621,191.44216541621,186.09129743874,189.06400187067,3439
2018-08-13,187.28037921151,189.65854275705,187.28037921151,188.46946098428,2778
2018-08-14,188.46946098428,192.63124718898,188.46946098428,191.44216541621,6036
2018-08-15,193.82032896175,203.92752403031,193.82032896175,200.36027871199,37824
2018-08-16,204.5220649167,205.11660580308,199.17119693922,202.14390137115,25581
2018-08-19,204.5220649167,204.5220649167,200.95481959838,200.95481959838,21370
2018-08-20,202.14390137115,202.14390137115,197.38757428007,199.17119693922,14359
2018-08-21,199.17119693922,199.17119693922,196.79303339368,197.98211516645,8787
2018-08-22,199.17119693922,204.5220649167,196.79303339368,204.5220649167,3613
2018-08-23,200.95481959838,200.95481959838,197.98211516645,199.17119693922,7504
2018-08-26,199.17119693922,200.36027871199,196.19849250729,197.98211516645,3588
2018-08-28,197.98211516645,199.17119693922,196.19849250729,197.98211516645,7354
2018-08-29,198.57665605284,198.57665605284,196.19849250729,196.79303339368,6392
2018-08-30,196.79303339368,199.17119693922,196.79303339368,198.57665605284,9985
2018-09-02,197.98211516645,202.14390137115,197.98211516645,201.54936048477,9661
2018-09-03,199.76573782561,206.30568757585,199.76573782561,203.92752403031,15425
2018-09-04,202.14390137115,206.30568757585,202.14390137115,205.11660580308,17187
2018-09-05,202.73844225754,215.22380087164,202.73844225754,211.65655555332,29704
2018-09-06,214.03471909887,218.79104618995,208.08931023501,209.27839200778,33936
2018-09-09,209.87293289417,209.87293289417,205.71114668947,205.71114668947,7740
2018-09-10,205.71114668947,205.71114668947,202.14390137115,203.33298314392,4112
2018-09-11,202.14390137115,208.08931023501,202.14390137115,205.11660580308,4778
2018-09-12,205.11660580308,211.06201466694,205.11660580308,208.6838511214,12667
2018-09-13,209.27839200778,213.44017821248,208.6838511214,209.27839200778,20006
2018-09-16,214.03471909887,224.14191416742,211.65655555332,218.19650530357,53133
2018-09-17,218.19650530357,219.98012796272,213.44017821248,214.03471909887,21307
2018-09-18,212.8456373261,215.22380087164,212.25109643971,213.44017821248,9249
2018-09-20,209.27839200778,216.41288264441,209.27839200778,213.44017821248,9880
2018-09-23,216.41288264441,216.41288264441,212.25109643971,214.62925998525,19281
2018-09-25,214.62925998525,221.76375062188,214.62925998525,219.98012796272,44925
2018-09-26,221.1692097355,222.95283239465,216.41288264441,217.0074235308,18655
2018-09-27,217.0074235308,219.98012796272,217.0074235308,217.0074235308,14911
2018-09-30,215.22380087164,217.60196441718,214.62925998525,214.62925998525,11183
2018-10-01,212.8456373261,215.22380087164,209.27839200778,209.27839200778,21976
2018-10-02,209.27839200778,212.8456373261,209.27839200778,209.87293289417,12983
2018-10-03,209.27839200778,210.46747378055,206.30568757585,206.30568757585,28516
2018-10-04,208.08931023501,208.08931023501,205.11660580308,206.90022846224,15025
2018-10-07,205.11660580308,206.90022846224,204.5220649167,204.5220649167,10164
2018-10-08,204.5220649167,212.25109643971,204.5220649167,207.49476934862,9581
2018-10-09,208.08931023501,208.08931023501,206.30568757585,206.30568757585,9551
2018-10-10,206.30568757585,206.90022846224,205.11660580308,206.30568757585,6502
2018-10-11,207.49476934862,209.27839200778,205.71114668947,208.08931023501,10534
2018-10-14,209.27839200778,212.8456373261,208.08931023501,212.25109643971,12769
2018-10-15,216.41288264441,216.41288264441,210.46747378055,210.46747378055,11617
2018-10-21,214.62925998525,214.62925998525,211.06201466694,211.06201466694,3483
2018-10-22,211.06201466694,211.06201466694,209.27839200778,211.06201466694,3196
2018-10-23,211.06201466694,212.8456373261,210.46747378055,212.8456373261,6474
2018-10-24,211.06201466694,212.8456373261,209.87293289417,212.8456373261,3065
2018-10-25,212.8456373261,212.8456373261,211.06201466694,212.25109643971,5436
2018-10-28,211.06201466694,211.06201466694,208.08931023501,209.87293289417,11851
2018-10-29,208.08931023501,208.6838511214,206.90022846224,208.08931023501,8152
2018-10-30,207.49476934862,210.46747378055,206.90022846224,209.27839200778,11760
2018-10-31,213.44017821248,211.06201466694,208.08931023501,209.27839200778,9391
2018-11-01,208.08931023501,209.27839200778,208.08931023501,209.27839200778,6758
2018-11-04,208.08931023501,209.87293289417,206.90022846224,206.90022846224,15056
2018-11-05,206.90022846224,209.27839200778,206.90022846224,207.49476934862,10438
2018-11-14,207.49476934862,209.27839200778,207.49476934862,208.08931023501,1763
2018-11-15,208.08931023501,208.6838511214,206.90022846224,207.49476934862,5701
2018-11-18,207.49476934862,207.49476934862,203.92752403031,205.11660580308,6006
2018-11-19,205.11660580308,206.30568757585,204.5220649167,205.71114668947,5455
2018-11-20,205.71114668947,207.49476934862,203.33298314392,206.30568757585,2001
2018-11-21,206.30568757585,209.87293289417,203.33298314392,203.92752403031,6780
2018-11-22,203.92752403031,205.11660580308,202.14390137115,204.5220649167,6445
2018-11-25,204.5220649167,205.11660580308,202.73844225754,202.73844225754,8678
2018-11-26,202.76816930186,202.76816930186,199.17119693922,201.54936048477,5374
2018-11-27,201.54936048477,205.71114668947,200.95481959838,202.14390137115,5914
2018-11-28,202.14390137115,202.14390137115,201.54936048477,202.14390137115,2677
2018-11-29,202.14390137115,202.14390137115,199.76573782561,200.95481959838,6964
2018-12-02,200.95481959838,200.95481959838,195.60395162091,197.98211516645,9756
2018-12-03,197.98211516645,199.17119693922,195.60395162091,196.19849250729,9202
2018-12-04,196.19849250729,199.17119693922,193.82032896175,198.57665605284,2973
2018-12-06,195.60395162091,196.79303339368,190.25308364344,194.41486984814,8394
2018-12-09,194.41486984814,199.17119693922,194.41486984814,199.17119693922,2982
2018-12-10,199.17119693922,202.14390137115,196.19849250729,199.17119693922,5830
2018-12-11,199.17119693922,201.54936048477,197.98211516645,199.76573782561,3705
2018-12-12,199.76573782561,202.73844225754,199.76573782561,200.36027871199,990
2018-12-13,200.36027871199,205.11660580308,199.17119693922,200.95481959838,5226
2018-12-16,200.95481959838,204.5220649167,200.95481959838,204.5220649167,18570
2018-12-17,204.5220649167,211.06201466694,202.14390137115,211.06201466694,5225
2018-12-18,211.06201466694,211.06201466694,203.92752403031,204.5220649167,10127
2018-12-19,204.5220649167,205.11660580308,203.33298314392,203.92752403031,3717
2018-12-20,203.92752403031,208.6838511214,203.92752403031,207.49476934862,14032
2018-12-23,207.49476934862,215.22380087164,207.49476934862,212.25109643971,16974
2018-12-24,212.25109643971,215.22380087164,209.27839200778,212.25109643971,14350
2018-12-25,212.25109643971,212.25109643971,208.6838511214,209.87293289417,8383
2018-12-26,209.87293289417,215.22380087164,209.27839200778,215.22380087164,22157
2018-12-27,215.22380087164,217.0074235308,212.8456373261,213.44017821248,36773
2018-12-30,213.44017821248,213.44017821248,208.6838511214,208.6838511214,11317
2018-12-31,208.6838511214,209.27839200778,206.30568757585,206.90022846224,16215
2019-01-01,206.90022846224,208.08931023501,204.5220649167,205.71114668947,22211
2019-01-02,205.71114668947,206.30568757585,205.11660580308,205.11660580308,7467
2019-01-03,205.11660580308,206.90022846224,202.14390137115,205.11660580308,7294
2019-01-06,205.11660580308,209.27839200778,204.5220649167,204.5220649167,9776
2019-01-08,205.71114668947,207.49476934862,205.71114668947,207.49476934862,8069
2019-01-09,207.49476934862,208.6838511214,206.90022846224,207.49476934862,8426
2019-01-10,206.90022846224,210.46747378055,206.90022846224,208.08931023501,4955
2019-01-13,212.25109643971,212.25109643971,205.71114668947,207.49476934862,22250
2019-01-14,207.49476934862,208.6838511214,206.90022846224,208.08931023501,20430
2019-01-15,208.08931023501,208.08931023501,206.90022846224,208.08931023501,7663
2019-01-16,208.08931023501,208.6838511214,206.90022846224,208.08931023501,9525
2019-01-17,208.08931023501,208.08931023501,205.11660580308,205.11660580308,3486
2019-01-20,205.11660580308,205.11660580308,202.73844225754,205.11660580308,3502
2019-01-21,205.11660580308,205.71114668947,202.14390137115,203.33298314392,6616
2019-01-22,203.33298314392,203.92752403031,200.36027871199,203.92752403031,5188
2019-01-23,203.92752403031,204.5220649167,203.33298314392,203.92752403031,2273
2019-01-24,203.92752403031,204.5220649167,203.33298314392,203.33298314392,16140
2019-01-27,203.33298314392,203.33298314392,201.54936048477,201.54936048477,4235
2019-01-28,201.54936048477,205.11660580308,200.95481959838,203.33298314392,8647
2019-01-29,203.33298314392,203.33298314392,202.14390137115,202.73844225754,2612
2019-01-30,202.73844225754,202.73844225754,201.54936048477,201.54936048477,3892
2019-01-31,201.54936048477,203.33298314392,201.54936048477,201.54936048477,5850
2019-02-03,200.36027871199,202.14390137115,200.36027871199,200.95481959838,12977
2019-02-04,200.95481959838,202.14390137115,199.17119693922,201.54936048477,13265
2019-02-05,202.14390137115,202.14390137115,200.95481959838,200.95481959838,5648
2019-02-06,209.27839200778,209.27839200778,199.17119693922,199.17119693922,6099
2019-02-07,196.19849250729,200.36027871199,196.19849250729,198.57665605284,5500
2019-02-10,199.17119693922,199.17119693922,196.19849250729,197.38757428007,6098
2019-02-11,195.00941073452,199.17119693922,195.00941073452,197.38757428007,5268
2019-02-12,196.19849250729,197.98211516645,196.19849250729,197.38757428007,5722
2019-02-13,196.19849250729,197.38757428007,195.60395162091,195.60395162091,13830
2019-02-14,196.79303339368,196.79303339368,194.41486984814,196.19849250729,13107
2019-02-17,196.19849250729,199.76573782561,195.00941073452,196.19849250729,18875
2019-02-18,195.00941073452,196.19849250729,193.22578807537,195.60395162091,9327
2019-02-19,192.63124718898,197.98211516645,192.63124718898,197.98211516645,3150
2019-02-20,197.98211516645,197.98211516645,195.60395162091,195.60395162091,2685
2019-02-21,195.60395162091,199.17119693922,195.60395162091,197.98211516645,9054
2019-02-24,197.98211516645,197.98211516645,195.60395162091,196.19849250729,6833
2019-02-25,197.38757428007,197.98211516645,194.41486984814,196.79303339368,15959
2019-02-26,196.79303339368,198.57665605284,196.79303339368,197.38757428007,18064
2019-02-27,196.19849250729,199.17119693922,196.19849250729,197.98211516645,27442
2019-03-03,194.10570858722,197.98152062557,183.39208181455,185.28272183325,14076
2019-03-05,183.39208181455,185.28272183325,183.39208181455,184.02229515411,5732
2019-03-06,184.02229515411,184.65250849368,182.76186847498,184.02229515411,2085
2019-03-07,184.02229515411,185.28272183325,182.76186847498,185.28272183325,8624
2019-03-09,185.28272183325,185.28272183325,184.02229515411,184.02229515411,2618
2019-03-10,185.28272183325,185.28272183325,184.02229515411,184.02229515411,2618
2019-03-11,187.80357519153,189.69421521023,184.65250849368,187.80357519153,9999
2019-03-12,189.06400187067,192.84528190808,187.80357519153,192.21506856851,16058
2019-03-13,192.21506856851,192.84528190808,189.06400187067,190.95464188937,14926
2019-03-14,189.69421521023,190.95464188937,186.54314851239,190.3244285498,6707
2019-03-17,190.95464188937,192.21506856851,189.06400187067,190.3244285498,8247
2019-03-18,190.95464188937,191.58485522894,189.69421521023,189.69421521023,10211
2019-03-19,189.69421521023,189.69421521023,187.80357519153,187.80357519153,3883
2019-03-21,187.17336185196,189.06400187067,186.54314851239,186.54314851239,3230
2019-03-24,186.54314851239,188.4337885311,184.65250849368,184.65250849368,8327
2019-03-25,185.28272183325,187.80357519153,184.02229515411,185.28272183325,8653
2019-03-26,187.80357519153,187.80357519153,184.65250849368,185.28272183325,10218
2019-03-27,185.28272183325,188.4337885311,184.65250849368,185.28272183325,4409
2019-03-28,187.80357519153,187.80357519153,184.02229515411,185.28272183325,9227
2019-03-31,186.54314851239,186.54314851239,184.65250849368,185.91293517282,11187
2019-04-01,185.91293517282,187.17336185196,184.02229515411,187.17336185196,12690
2019-04-02,188.4337885311,191.58485522894,188.4337885311,190.3244285498,15332
2019-04-03,189.69421521023,193.47549524765,189.69421521023,192.21506856851,15802
2019-04-04,192.21506856851,192.21506856851,189.69421521023,191.58485522894,11579
2019-04-07,189.69421521023,194.73592192679,187.80357519153,194.73592192679,11864
2019-04-08,194.73592192679,201.66826866204,195.36613526635,199.14741530377,21933
2019-04-09,195.99634860592,200.40784198291,195.99634860592,195.99634860592,21533
2019-04-10,196.62656194549,197.88698862463,195.36613526635,196.62656194549,8299
2019-04-11,197.25677528506,201.03805532247,197.25677528506,198.5172019642,22147
2019-04-15,197.25677528506,200.40784198291,197.25677528506,200.40784198291,11551
2019-04-16,197.25677528506,206.07976203903,197.25677528506,205.44954869946,17829
2019-04-17,205.44954869946,213.01210877428,205.44954869946,213.01210877428,24403
2019-04-18,214.90274879299,220.57466884911,211.75168209515,220.57466884911,49470
2019-04-21,220.57466884911,220.57466884911,216.16317547213,219.31424216997,28028
2019-04-22,222.46530886782,222.46530886782,211.75168209515,215.53296213256,19348
2019-04-23,218.05381549083,218.05381549083,214.27253545342,218.05381549083,17832
2019-04-24,215.53296213256,223.09552220739,214.90274879299,223.09552220739,68938
2019-04-25,223.09552220739,245.1529890923,223.09552220739,244.52277575273,145400
2019-04-28,248.93426912971,258.38746922324,245.1529890923,248.93426912971,111393
2019-04-29,248.93426912971,248.93426912971,241.37170905488,245.1529890923,45136
2019-04-30,245.1529890923,246.41341577143,240.74149571531,245.78320243187,27561
2019-05-02,241.37170905488,243.89256241316,240.11128237575,242.63213573402,24698
2019-05-05,242.63213573402,242.63213573402,236.9602156779,238.85085569661,55477
2019-05-06,237.59042901747,244.52277575273,235.69978899876,244.52277575273,40670
2019-05-07,245.78320243187,245.78320243187,242.00192239445,245.1529890923,39057
2019-05-09,248.30405579014,249.56448246928,243.26234907359,244.52277575273,94677
2019-05-12,243.89256241316,245.78320243187,242.00192239445,245.78320243187,17340
2019-05-13,245.78320243187,246.41341577143,242.00192239445,243.26234907359,20540
2019-05-14,244.52277575273,265.3198159585,244.52277575273,262.16874926066,194265
2019-05-15,262.79896260023,281.70536278729,262.16874926066,276.03344273117,133601
2019-05-16,280.44493610815,280.44493610815,265.3198159585,265.3198159585,112016
2019-05-19,267.84066931678,270.99173601462,262.16874926066,265.95002929807,67027
2019-05-20,270.99173601462,272.25216269376,262.16874926066,263.42917593979,59854
2019-05-21,265.3198159585,265.95002929807,260.27810924195,263.42917593979,42776
2019-05-22,264.68960261893,268.47088265635,263.42917593979,267.21045597721,92882
2019-05-23,269.10109599591,276.03344273117,268.47088265635,271.62194935419,97795
2019-05-26,272.25216269376,273.5125893729,266.58024263764,267.84066931678,50429
2019-05-27,264.05938927936,268.47088265635,264.05938927936,265.95002929807,44153
2019-05-28,269.73130933548,269.73130933548,264.68960261893,265.3198159585,13321
2019-05-29,265.95002929807,268.47088265635,264.68960261893,267.21045597721,54281
2019-05-30,275.4032293916,284.22621614557,268.47088265635,269.73130933548,94006
2019-06-02,272.88237603333,272.88237603333,264.68960261893,265.95002929807,29715
2019-06-03,270.99173601462,270.99173601462,260.90832258152,260.90832258152,64123
2019-06-04,261.53853592109,264.68960261893,260.90832258152,262.16874926066,48716
2019-06-06,263.42917593979,263.42917593979,260.27810924195,260.27810924195,25497
2019-06-10,260.27810924195,262.16874926066,259.01768256281,259.64789590238,33018
2019-06-11,259.64789590238,262.79896260023,259.64789590238,262.16874926066,62742
2019-06-12,260.27810924195,261.53853592109,259.01768256281,261.53853592109,17469
2019-06-13,259.64789590238,261.53853592109,259.01768256281,259.01768256281,30086
2019-06-16,259.01768256281,259.01768256281,254.60618918583,254.60618918583,44708
2019-06-17,254.60618918583,255.86661586497,253.34576250669,253.97597584626,42955
2019-06-18,253.97597584626,255.2364025254,252.71554916712,253.34576250669,24044
2019-06-19,253.34576250669,254.60618918583,252.08533582755,254.60618918583,23061
2019-06-20,257.75725588367,257.75725588367,253.97597584626,255.86661586497,11029
2019-06-23,255.2364025254,256.49682920454,253.97597584626,255.2364025254,6869
2019-06-24,253.97597584626,260.27810924195,253.97597584626,259.01768256281,37528
2019-06-25,260.27810924195,262.79896260023,259.01768256281,262.16874926066,25298
2019-06-26,263.42917593979,263.42917593979,259.64789590238,260.27810924195,17369
2019-06-27,260.27810924195,260.27810924195,258.38746922324,260.27810924195,18552
2019-06-30,260.27810924195,260.27810924195,255.86661586497,256.49682920454,11120
2019-07-01,257.12704254411,257.12704254411,254.60618918583,255.2364025254,12593
2019-07-02,254.60618918583,260.27810924195,254.60618918583,258.38746922324,21391
2019-07-03,257.12704254411,261.53853592109,256.49682920454,260.90832258152,24200
2019-07-04,261.53853592109,261.53853592109,258.38746922324,259.01768256281,16330
2019-07-07,257.12704254411,258.38746922324,256.49682920454,257.12704254411,30964
2019-07-08,258.38746922324,258.38746922324,255.2364025254,255.86661586497,29244
2019-07-09,258.38746922324,256.49682920454,252.71554916712,255.2364025254,9165
2019-07-10,255.2364025254,256.49682920454,253.34576250669,256.49682920454,26313
2019-07-11,256.49682920454,258.38746922324,255.2364025254,255.2364025254,19978
2019-07-14,255.86661586497,259.01768256281,255.2364025254,255.86661586497,10033
2019-07-15,255.86661586497,257.12704254411,255.2364025254,255.86661586497,9018
2019-07-16,268.47088265635,268.47088265635,255.86661586497,257.75725588367,8675
2019-07-17,257.12704254411,263.42917593979,257.12704254411,262.79896260023,29854
2019-07-18,260.27810924195,266.58024263764,260.27810924195,263.42917593979,20493
2019-07-21,260.90832258152,262.79896260023,259.01768256281,260.90832258152,14478
2019-07-22,260.90832258152,264.05938927936,260.90832258152,262.16874926066,19276
2019-07-23,263.42917593979,274.14280271247,263.42917593979,274.14280271247,105508
2019-07-24,274.14280271247,274.14280271247,269.73130933548,272.88237603333,61735
2019-07-25,272.88237603333,273.5125893729,269.10109599591,270.99173601462,97104
2019-07-28,266.58024263764,270.36152267505,265.95002929807,267.84066931678,96129
2019-07-29,267.84066931678,270.99173601462,267.84066931678,269.10109599591,35679
2019-07-30,268.47088265635,271.62194935419,268.47088265635,270.36152267505,31788
2019-07-31,265.95002929807,272.88237603333,265.95002929807,271.62194935419,42713
2019-08-01,274.77301605203,274.77301605203,270.36152267505,270.99173601462,37084
2019-08-04,270.36152267505,276.03344273117,267.21045597721,275.4032293916,68518
2019-08-05,272.88237603333,275.4032293916,271.62194935419,272.88237603333,44680
2019-08-06,277.92408274988,278.55429608945,270.99173601462,272.25216269376,196356
2019-08-07,268.47088265635,276.66365607074,268.47088265635,274.14280271247,56560
2019-08-08,274.14280271247,274.14280271247,270.36152267505,271.62194935419,34679
2019-08-11,270.99173601462,271.62194935419,269.73130933548,270.99173601462,25832
2019-08-12,272.88237603333,272.88237603333,270.36152267505,271.62194935419,20621
2019-08-13,271.62194935419,275.4032293916,269.73130933548,269.73130933548,17896
2019-08-14,268.47088265635,270.99173601462,267.84066931678,270.36152267505,13082
2019-08-15,269.10109599591,272.88237603333,267.84066931678,270.99173601462,36318
2019-08-18,270.99173601462,272.88237603333,270.36152267505,270.99173601462,36698
2019-08-19,271.62194935419,273.5125893729,270.36152267505,271.62194935419,38717
2019-08-20,271.62194935419,272.25216269376,269.10109599591,269.10109599591,17383
2019-08-21,267.84066931678,270.99173601462,267.84066931678,270.36152267505,20878
2019-08-22,270.36152267505,270.99173601462,267.84066931678,269.73130933548,28290
2019-08-25,266.58024263764,269.10109599591,266.58024263764,269.10109599591,20297
2019-08-26,270.99173601462,270.99173601462,267.84066931678,267.84066931678,16088
2019-08-27,267.84066931678,270.36152267505,267.21045597721,268.47088265635,14181
2019-08-28,267.21045597721,269.10109599591,267.21045597721,267.84066931678,21023
2019-08-29,269.10109599591,269.10109599591,266.58024263764,268.47088265635,11405
2019-09-01,269.73130933548,269.73130933548,265.3198159585,265.3198159585,17893
2019-09-02,267.21045597721,267.21045597721,260.90832258152,262.79896260023,43531
2019-09-03,261.53853592109,268.47088265635,259.64789590238,267.21045597721,36698
2019-09-04,267.84066931678,270.36152267505,264.68960261893,268.47088265635,22525
2019-09-05,267.84066931678,269.10109599591,267.84066931678,267.84066931678,15371
2019-09-08,269.10109599591,269.10109599591,265.3198159585,265.95002929807,8733
2019-09-09,267.84066931678,267.84066931678,262.16874926066,263.42917593979,19723
2019-09-10,262.16874926066,264.05938927936,262.16874926066,263.42917593979,21628
2019-09-11,262.79896260023,264.68960261893,262.16874926066,263.42917593979,22008
2019-09-12,263.42917593979,264.68960261893,262.16874926066,262.16874926066,27640
2019-09-15,261.53853592109,263.42917593979,260.27810924195,260.27810924195,18691
2019-09-16,260.27810924195,260.90832258152,257.12704254411,257.12704254411,23477
2019-09-17,258.38746922324,263.42917593979,258.38746922324,263.42917593979,22549
2019-09-18,264.68960261893,266.58024263764,264.05938927936,266.58024263764,28150
2019-09-19,261.53853592109,267.84066931678,260.27810924195,260.27810924195,22965
2019-09-22,260.27810924195,261.53853592109,259.64789590238,260.90832258152,14749
2019-09-23,260.27810924195,261.53853592109,259.64789590238,260.90832258152,17256
2019-09-24,259.01768256281,259.64789590238,258.38746922324,259.64789590238,8687
2019-09-26,259.64789590238,259.64789590238,257.75725588367,258.38746922324,13312
2019-09-29,258.38746922324,263.42917593979,256.49682920454,263.42917593979,23666
2019-09-30,259.64789590238,261.53853592109,259.01768256281,261.53853592109,9318
2019-10-01,259.64789590238,263.42917593979,259.64789590238,262.79896260023,11045
2019-10-02,262.79896260023,262.79896260023,259.01768256281,259.01768256281,3711
2019-10-03,261.53853592109,263.42917593979,261.53853592109,262.16874926066,3319
2019-10-10,260.27810924195,261.53853592109,259.64789590238,261.53853592109,1419
2019-10-14,261.53853592109,261.53853592109,257.75725588367,258.38746922324,15531
2019-10-15,259.64789590238,262.16874926066,258.38746922324,260.27810924195,34190
2019-10-16,261.53853592109,261.53853592109,259.64789590238,260.90832258152,10681
2019-10-17,261.53853592109,262.16874926066,259.64789590238,260.90832258152,15319
2019-10-20,259.64789590238,260.90832258152,259.01768256281,260.27810924195,11108
2019-10-21,259.64789590238,261.53853592109,259.01768256281,259.64789590238,13609
2019-10-22,259.01768256281,260.27810924195,257.75725588367,259.01768256281,7228
2019-10-23,261.53853592109,262.16874926066,259.01768256281,260.27810924195,2992
2019-10-24,261.53853592109,262.16874926066,259.64789590238,260.90832258152,9027
2019-10-31,261.53853592109,262.79896260023,258.38746922324,260.27810924195,4949
2019-11-03,259.64789590238,260.27810924195,258.38746922324,259.64789590238,4909
2019-11-04,260.90832258152,260.90832258152,258.38746922324,260.27810924195,13907
2019-11-05,261.53853592109,262.16874926066,260.27810924195,262.16874926066,12478
2019-11-06,261.53853592109,262.79896260023,261.53853592109,261.53853592109,16754
2019-11-07,262.79896260023,262.79896260023,260.90832258152,261.53853592109,18305
2019-11-10,260.90832258152,264.05938927936,258.38746922324,264.05938927936,11958
2019-11-11,260.90832258152,265.3198159585,260.90832258152,265.3198159585,3581
2019-11-12,267.84066931678,267.84066931678,260.90832258152,262.79896260023,12550
2019-11-13,260.90832258152,262.79896260023,260.27810924195,262.16874926066,23563
2019-11-14,262.16874926066,262.79896260023,261.53853592109,262.79896260023,18775
2019-11-17,264.68960261893,266.58024263764,258.38746922324,261.53853592109,11182
2019-11-18,261.53853592109,263.42917593979,261.53853592109,263.42917593979,52113
2019-11-19,264.68960261893,264.68960261893,261.53853592109,262.16874926066,21222
2019-11-20,261.53853592109,263.42917593979,261.53853592109,262.16874926066,12638
2019-11-21,263.42917593979,263.42917593979,257.12704254411,259.64789590238,9107
2019-11-24,257.75725588367,258.38746922324,254.60618918583,254.60618918583,14677
2019-11-25,255.2364025254,259.64789590238,254.60618918583,257.75725588367,5669
2019-11-26,258.38746922324,258.38746922324,253.34576250669,255.2364025254,11131
2019-11-27,253.97597584626,257.75725588367,253.97597584626,257.75725588367,5247
2019-11-28,257.75725588367,257.75725588367,254.60618918583,254.60618918583,5609
2019-12-01,255.2364025254,255.2364025254,253.34576250669,254.60618918583,5892
2019-12-02,254.60618918583,255.2364025254,252.08533582755,253.97597584626,17229
2019-12-03,252.71554916712,253.97597584626,252.71554916712,252.71554916712,6534
2019-12-04,252.71554916712,255.86661586497,252.71554916712,255.2364025254,11388
2019-12-05,255.2364025254,256.49682920454,253.97597584626,255.2364025254,6589
2019-12-08,255.86661586497,257.75725588367,253.97597584626,257.75725588367,6252
2019-12-09,257.12704254411,261.53853592109,254.60618918583,259.01768256281,10680
2019-12-10,258.38746922324,263.42917593979,255.86661586497,261.53853592109,67690
2019-12-11,262.16874926066,263.42917593979,260.90832258152,260.90832258152,13042
2019-12-12,261.53853592109,261.53853592109,257.75725588367,259.64789590238,21051
2019-12-15,259.64789590238,262.16874926066,259.01768256281,260.27810924195,8639
2019-12-16,261.53853592109,261.53853592109,255.86661586497,255.86661586497,9861
2019-12-17,255.2364025254,258.38746922324,255.2364025254,256.49682920454,6407
2019-12-18,255.2364025254,258.38746922324,255.2364025254,255.86661586497,9668
2019-12-19,254.60618918583,256.49682920454,253.97597584626,254.60618918583,5118
2019-12-22,256.49682920454,260.90832258152,256.49682920454,259.64789590238,13018
2019-12-23,260.90832258152,260.90832258152,256.49682920454,259.64789590238,20783
2019-12-24,261.53853592109,262.16874926066,259.64789590238,260.27810924195,19873
2019-12-25,259.64789590238,261.53853592109,259.64789590238,260.90832258152,31149
2019-12-26,260.90832258152,262.79896260023,260.27810924195,262.79896260023,103337
2019-12-29,257.85809001801,257.85809001801,244.49756721914,247.16967177892,20987
2019-12-30,246.50164563897,246.50164563897,241.15743651943,243.8295410792,8211
2019-12-31,243.8295410792,244.49756721914,241.15743651943,244.49756721914,8569
2020-01-01,243.16151493926,245.16559335909,239.82138423954,245.16559335909,7109
2020-01-02,245.16559335909,245.83361949903,239.82138423954,239.82138423954,6793
2020-01-05,240.48941037949,243.16151493926,240.48941037949,242.49348879932,11390
2020-01-06,243.8295410792,248.5057240588,243.8295410792,247.83769791886,26892
2020-01-07,250.50980247863,251.17782861858,247.16967177892,249.17375019875,9507
2020-01-08,248.5057240588,249.17375019875,246.50164563897,246.50164563897,10093
2020-01-09,246.50164563897,246.50164563897,242.49348879932,243.8295410792,11059
2020-01-12,247.83769791886,249.17375019875,244.49756721914,247.83769791886,15768
2020-01-13,249.84177633869,255.18598545823,249.84177633869,253.1819070384,39441
2020-01-14,250.50980247863,253.84993317835,250.50980247863,252.51388089846,11083
2020-01-15,257.19006387806,257.85809001801,252.51388089846,257.85809001801,22021
2020-01-16,259.86216843783,265.87440369732,257.85809001801,261.19822071772,30689
2020-01-19,263.87032527749,265.87440369732,261.86624685766,264.53835141744,37203
2020-01-20,268.54650825709,271.88663895681,257.85809001801,259.86216843783,50503
2020-01-21,264.53835141744,265.20637755738,257.19006387806,259.86216843783,20945
2020-01-22,263.87032527749,263.87032527749,255.85401159818,257.85809001801,13717
2020-01-23,260.53019457778,260.53019457778,253.84993317835,255.18598545823,11817
2020-01-26,253.1819070384,256.52203773812,248.5057240588,248.5057240588,16983
2020-01-27,245.83361949903,258.52611615795,245.83361949903,258.52611615795,23768
2020-01-28,258.52611615795,259.86216843783,253.84993317835,257.85809001801,14063
2020-01-29,253.84993317835,258.52611615795,253.1819070384,256.52203773812,8241
2020-01-30,257.19006387806,259.19414229789,255.85401159818,256.52203773812,10082
2020-02-02,256.52203773812,261.86624685766,255.85401159818,260.53019457778,25714
2020-02-03,261.19822071772,263.87032527749,259.19414229789,259.19414229789,22861
2020-02-04,261.86624685766,264.53835141744,257.19006387806,257.85809001801,32960
2020-02-05,260.53019457778,260.53019457778,255.18598545823,257.19006387806,12291
2020-02-06,255.85401159818,260.53019457778,255.18598545823,257.19006387806,11711
2020-02-09,255.18598545823,256.52203773812,253.84993317835,254.51795931829,11030
2020-02-10,255.18598545823,257.19006387806,251.84585475852,253.84993317835,14196
2020-02-11,257.85809001801,260.53019457778,255.18598545823,257.19006387806,13972
2020-02-12,261.86624685766,261.86624685766,255.85401159818,259.19414229789,34048
2020-02-13,257.85809001801,259.19414229789,253.84993317835,256.52203773812,20972
2020-02-16,257.19006387806,260.53019457778,255.85401159818,260.53019457778,29836
2020-02-17,261.86624685766,267.87848211715,260.53019457778,264.53835141744,42746
2020-02-18,268.54650825709,272.55466509675,263.87032527749,265.20637755738,41812
2020-02-19,269.88256053698,269.88256053698,263.20229913755,265.20637755738,17687
2020-02-20,265.20637755738,267.21045597721,263.87032527749,265.87440369732,25763
2020-02-23,268.54650825709,291.25939701516,268.54650825709,287.91926631544,130275
2020-02-24,287.91926631544,300.61176297436,283.91110947578,288.58729245538,104982
2020-02-25,291.25939701516,291.25939701516,277.8988742163,290.59137087521,48731
2020-02-26,293.26347543499,302.61584139419,291.9274231551,302.61584139419,88846
2020-02-27,297.27163227464,316.64439033299,293.93150157493,311.96820735339,110009
2020-03-01,311.96820735339,317.31241647293,300.61176297436,301.94781525424,86815
2020-03-02,297.27163227464,301.94781525424,280.57097877607,280.57097877607,52575
2020-03-03,280.57097877607,297.27163227464,260.53019457778,283.91110947578,83824
2020-03-04,280.57097877607,283.91110947578,273.89071737664,277.8988742163,59890
2020-03-05,272.55466509675,277.8988742163,267.21045597721,270.55058667692,51446
2020-03-10,265.20637755738,265.20637755738,253.84993317835,253.84993317835,44333
2020-03-11,252.51388089846,271.88663895681,252.51388089846,271.21861281687,73399
2020-03-12,271.21861281687,273.89071737664,260.53019457778,265.20637755738,66328
2020-03-15,260.53019457778,263.20229913755,252.51388089846,255.18598545823,67992
2020-03-16,253.84993317835,261.19822071772,247.83769791886,255.18598545823,34352
2020-03-17,253.1819070384,253.84993317835,247.16967177892,252.51388089846,45920
2020-03-18,247.83769791886,257.19006387806,241.15743651943,247.16967177892,50811
2020-03-19,245.16559335909,257.19006387806,240.48941037949,251.17782861858,34900
2020-03-22,246.50164563897,251.17782861858,241.82546265937,245.83361949903,5639
2020-05-12,241.15743651943,241.15743651943,238.48533195966,238.48533195966,470
2020-05-13,233.80914898006,233.80914898006,231.80507056023,231.80507056023,240
2020-06-29,227.79691372057,227.79691372057,209.09218180217,219.78060004125,12955
2020-06-30,215.7724432016,235.14520125994,213.76836478177,233.80914898006,4499
2020-07-01,233.80914898006,256.52203773812,233.80914898006,253.84993317835,16073
2020-07-02,255.18598545823,263.20229913755,229.13296600046,230.46901828034,13518
2020-07-05,233.80914898006,243.8295410792,230.46901828034,237.81730581971,29844
2020-07-06,233.14112284011,245.83361949903,233.14112284011,243.8295410792,25485
2020-07-07,247.16967177892,253.1819070384,245.16559335909,249.84177633869,16559
2020-07-08,250.50980247863,250.50980247863,241.82546265937,245.83361949903,15958
2020-07-09,243.8295410792,247.83769791886,240.48941037949,245.83361949903,10849
2020-07-12,247.16967177892,251.84585475852,245.83361949903,250.50980247863,20839
2020-07-13,250.50980247863,255.18598545823,249.17375019875,250.50980247863,38001
2020-07-14,250.50980247863,252.51388089846,248.5057240588,250.50980247863,9391
2020-07-15,251.17782861858,259.19414229789,251.17782861858,257.19006387806,34899
2020-07-16,259.86216843783,270.55058667692,259.86216843783,267.21045597721,49834
2020-07-19,272.55466509675,288.58729245538,272.55466509675,288.58729245538,90
2020-07-20,302.61584139419,317.31241647293,283.24308333584,295.26755385481,152858
2020-07-21,295.93557999476,297.93965841459,285.24716175567,287.91926631544,70227
2020-07-22,297.27163227464,297.27163227464,280.57097877607,284.57913561573,55050
2020-07-23,284.57913561573,287.2512401755,279.23492649618,285.91518789561,33121
2020-07-26,287.2512401755,291.25939701516,281.90703105595,289.92334473527,60056
2020-07-27,289.92334473527,293.93150157493,287.2512401755,289.25531859533,51602
2020-07-28,290.59137087521,290.59137087521,285.91518789561,288.58729245538,30474
2020-07-29,287.2512401755,288.58729245538,281.23900491601,281.90703105595,61718
2020-07-30,277.23084807635,286.58321403556,277.23084807635,285.24716175567,34944
2020-08-02,279.90295263613,281.90703105595,271.21861281687,271.21861281687,64556
2020-08-03,271.88663895681,279.23492649618,270.55058667692,274.55874351658,26260
2020-08-05,279.90295263613,279.90295263613,268.54650825709,271.88663895681,30060
2020-08-06,270.55058667692,272.55466509675,267.87848211715,271.21861281687,33954
2020-08-09,267.87848211715,275.22676965652,266.54242983726,275.22676965652,33276
2020-08-10,288.58729245538,288.58729245538,275.89479579647,283.91110947578,30437
2020-08-11,285.24716175567,285.24716175567,279.23492649618,279.90295263613,26345
2020-08-12,276.56282193641,281.90703105595,276.56282193641,279.90295263613,25454
2020-08-13,283.91110947578,283.91110947578,276.56282193641,277.23084807635,27971
2020-08-16,274.55874351658,277.8988742163,270.55058667692,273.89071737664,34679
2020-08-17,273.89071737664,277.23084807635,271.21861281687,277.23084807635,20840
2020-08-18,277.8988742163,279.23492649618,274.55874351658,278.56690035624,16446
2020-08-19,273.89071737664,277.23084807635,272.55466509675,273.22269123669,25812
2020-08-20,273.89071737664,275.22676965652,271.21861281687,275.22676965652,8351
2020-08-23,279.90295263613,279.90295263613,274.55874351658,276.56282193641,8109
2020-08-24,279.23492649618,280.57097877607,277.23084807635,280.57097877607,30112
2020-08-25,283.24308333584,285.24716175567,279.90295263613,281.23900491601,39774
2020-08-26,283.91110947578,286.58321403556,280.57097877607,284.57913561573,39150
2020-08-27,286.58321403556,287.2512401755,283.91110947578,283.91110947578,30360
2020-08-30,283.91110947578,297.93965841459,281.23900491601,283.24308333584,20137
2020-08-31,286.58321403556,287.91926631544,282.5750571959,286.58321403556,40437
2020-09-02,291.25939701516,293.93150157493,288.58729245538,291.25939701516,108553
2020-09-03,291.25939701516,292.59544929504,287.2512401755,288.58729245538,54999
2020-09-06,287.91926631544,298.60768455453,286.58321403556,286.58321403556,51535
2020-09-07,284.57913561573,286.58321403556,281.90703105595,283.24308333584,30894
2020-09-08,282.5750571959,283.24308333584,278.56690035624,281.90703105595,18591
2020-09-09,295.93557999476,295.93557999476,279.23492649618,282.5750571959,30486
2020-09-10,296.6036061347,296.6036061347,281.90703105595,283.91110947578,30353
2020-09-13,283.91110947578,286.58321403556,283.91110947578,286.58321403556,40426
2020-09-14,286.58321403556,293.26347543499,286.58321403556,290.59137087521,64709
2020-09-15,292.59544929504,293.93150157493,286.58321403556,289.25531859533,31509
2020-09-16,290.59137087521,290.59137087521,284.57913561573,287.2512401755,35281
2020-09-17,301.2797891143,301.2797891143,285.91518789561,291.9274231551,95389
2020-09-20,295.93557999476,300.61176297436,290.59137087521,293.93150157493,53218
2020-09-21,293.93150157493,294.59952771487,288.58729245538,291.25939701516,54729
2020-09-22,293.93150157493,293.93150157493,287.91926631544,289.92334473527,93124
2020-09-23,292.59544929504,292.59544929504,287.2512401755,291.25939701516,38716
2020-09-24,292.59544929504,292.59544929504,287.91926631544,290.59137087521,43273
2020-09-27,292.59544929504,295.26755385481,289.25531859533,293.93150157493,66164
2020-09-28,293.93150157493,295.93557999476,293.26347543499,294.59952771487,31645
2020-09-29,294.59952771487,294.59952771487,291.9274231551,292.59544929504,45801
2020-09-30,297.27163227464,297.27163227464,289.92334473527,291.25939701516,37898
2020-10-01,290.59137087521,293.93150157493,290.59137087521,293.26347543499,17254
2020-10-04,293.93150157493,297.27163227464,293.93150157493,293.93150157493,76534
2020-10-05,294.59952771487,295.93557999476,292.59544929504,293.26347543499,40920
2020-10-06,293.93150157493,300.61176297436,293.26347543499,300.61176297436,117064
2020-10-07,300.61176297436,301.2797891143,296.6036061347,299.27571069447,55530
2020-10-08,300.61176297436,300.61176297436,295.26755385481,295.93557999476,37815
2020-10-11,293.93150157493,295.26755385481,292.59544929504,293.26347543499,27787
2020-10-12,303.95189367407,303.95189367407,291.25939701516,293.93150157493,35458
2020-10-13,293.93150157493,293.93150157493,292.59544929504,293.26347543499,18523
2020-10-14,293.93150157493,293.93150157493,291.25939701516,293.26347543499,19883
2020-10-15,295.93557999476,297.27163227464,291.9274231551,295.26755385481,35904
2020-10-18,292.59544929504,294.59952771487,291.9274231551,293.26347543499,28101
2020-10-19,292.59544929504,294.59952771487,291.25939701516,293.93150157493,23746
2020-10-20,295.93557999476,296.6036061347,294.59952771487,295.26755385481,28155
2020-10-21,295.93557999476,300.61176297436,295.93557999476,300.61176297436,48986
2020-10-22,302.61584139419,303.95189367407,300.61176297436,303.28386753413,68836
2020-10-28,305.28794595396,316.64439033299,304.61991981402,315.97636419305,83397
2020-10-29,317.31241647293,322.65662559248,314.64031191316,315.30833805311,114747
2020-11-01,315.30833805311,319.98452103271,312.63623349333,318.64846875282,116363
2020-11-02,318.64846875282,319.98452103271,313.30425963328,313.30425963328,52560
2020-11-03,320.65254717265,320.65254717265,310.6321550735,311.96820735339,53871
2020-11-04,312.63623349333,312.63623349333,308.62807665367,309.96412893356,33667
2020-11-05,309.96412893356,317.98044261288,308.62807665367,313.97228577322,102758
2020-11-08,313.97228577322,315.30833805311,312.63623349333,314.64031191316,26833
2020-11-09,313.97228577322,316.64439033299,312.63623349333,315.30833805311,33751
2020-11-10,316.64439033299,317.31241647293,312.63623349333,313.97228577322,80125
2020-11-11,315.30833805311,321.98859945254,315.30833805311,319.98452103271,69277
2020-11-12,317.31241647293,323.32465173242,317.31241647293,323.32465173242,79435
2020-11-18,317.31241647293,330.67293927179,313.97228577322,325.32873015225,143816
2020-11-19,341.36135751088,341.36135751088,326.66478243214,328.00083471202,71429
2020-11-22,330.67293927179,342.02938365083,330.67293927179,337.35320067122,152285
2020-11-23,340.69333137094,344.03346207065,338.02122681117,342.02938365083,196565
2020-11-24,342.02938365083,345.36951435054,340.69333137094,342.02938365083,66020
2020-11-25,341.36135751088,350.71372347009,341.36135751088,349.3776711902,79838
2020-11-26,350.71372347009,355.38990644969,347.37359277037,350.71372347009,85540
2020-11-29,351.38174961003,373.42661222815,350.04569733014,370.08648152843,230701
2020-11-30,374.09463836809,384.78305660718,357.39398486952,361.40214170917,169861
2020-12-01,361.40214170917,361.40214170917,344.7014882106,354.0538541698,151300
2020-12-02,350.71372347009,358.06201100946,347.37359277037,357.39398486952,111044
2020-12-03,356.72595872957,360.73411556923,352.71780188991,355.38990644969,90643
2020-12-06,348.70964505026,356.05793258963,344.7014882106,345.36951435054,171129
2020-12-07,344.03346207065,356.05793258963,340.69333137094,355.38990644969,131127
2020-12-08,354.0538541698,368.75042924855,354.0538541698,365.41029854883,226073
2020-12-09,364.07424626895,365.41029854883,356.72595872957,358.06201100946,92328
2020-12-10,357.39398486952,359.39806328934,351.38174961003,357.39398486952,54470
2020-12-13,360.73411556923,370.75450766838,359.39806328934,368.75042924855,136826
2020-12-14,370.75450766838,374.76266450803,352.04977574997,357.39398486952,323130
2020-12-15,360.73411556923,364.07424626895,352.04977574997,352.71780188991,117229
2020-12-16,367.41437696866,367.41437696866,350.04569733014,352.04977574997,76542
2020-12-17,354.0538541698,354.0538541698,344.03346207065,346.03754049048,87068
2020-12-20,344.03346207065,347.37359277037,322.65662559248,328.66886085197,104545
2020-12-21,322.65662559248,332.67701769162,316.64439033299,323.99267787236,103564
2020-12-22,327.33280857208,336.01714839134,327.33280857208,336.01714839134,85171
2020-12-23,330.67293927179,344.7014882106,330.67293927179,334.01306997151,73410
2020-12-24,334.01306997151,334.01306997151,326.66478243214,329.33688699191,57679
2020-12-27,330.67293927179,331.34096541174,325.99675629219,329.33688699191,41700
2020-12-28,327.33280857208,330.67293927179,323.99267787236,328.66886085197,32570
2020-12-29,330.00491313185,330.00491313185,325.32873015225,325.99675629219,96176
2020-12-30,334.1800765065,334.1800765065,318.81547528781,324.19308571435,30138
2020-12-31,320.35193540967,331.87538632369,319.58370534874,326.49777589715,48740
2021-01-03,332.64361638463,338.7894568721,332.64361638463,338.02122681117,46462
2021-01-04,339.55768693304,341.86237711584,334.1800765065,337.25299675023,29054
2021-01-05,340.32591699397,340.32591699397,331.10715626276,334.1800765065,22837
2021-01-06,331.10715626276,336.4847666893,331.10715626276,336.4847666893,33745
2021-01-07,338.02122681117,340.32591699397,331.87538632369,336.4847666893,39177
2021-01-10,336.4847666893,345.70352742051,336.4847666893,345.70352742051,90717
2021-01-11,348.00821760332,352.61759796892,345.70352742051,346.47175748145,59076
2021-01-12,363.37281882201,363.37281882201,346.47175748145,348.77644766425,28076
2021-01-13,347.23998754238,353.38582802986,345.70352742051,345.70352742051,52729
2021-01-17,352.61759796892,352.61759796892,347.23998754238,348.00821760332,52720
2021-01-18,348.77644766425,350.31290778612,344.16706729864,344.16706729864,61879
2021-01-19,345.70352742051,345.70352742051,340.32591699397,344.93529735958,64531
2021-01-20,345.70352742051,345.70352742051,340.32591699397,341.09414705491,43511
2021-01-21,357.99520839546,357.99520839546,338.7894568721,341.09414705491,48043
2021-01-24,341.86237711584,350.31290778612,341.86237711584,342.63060717677,58964
2021-01-25,342.63060717677,356.4587482736,341.09414705491,353.38582802986,125936
2021-01-26,357.22697833453,376.43272985789,353.38582802986,371.82334949228,216204
2021-01-27,372.59157955322,372.59157955322,359.53166851733,361.0681286392,87784
2021-01-28,361.0681286392,361.0681286392,348.00821760332,352.61759796892,112245
2021-01-31,351.84936790799,351.84936790799,338.7894568721,341.86237711584,106833
2021-02-01,341.86237711584,352.61759796892,338.02122681117,342.63060717677,39012
2021-02-02,344.93529735958,348.00821760332,341.86237711584,343.39883723771,63651
2021-02-03,345.70352742051,356.4587482736,343.39883723771,346.47175748145,86928
2021-02-04,352.61759796892,352.61759796892,339.55768693304,346.47175748145,77015
2021-02-07,346.47175748145,347.23998754238,343.39883723771,345.70352742051,68729
2021-02-08,348.77644766425,368.75042924855,342.63060717677,356.4587482736,107995
2021-02-09,368.75042924855,368.75042924855,346.47175748145,351.08113784705,52134
2021-02-10,353.38582802986,354.15405809079,344.93529735958,351.08113784705,34799
2021-02-11,348.00821760332,356.4587482736,346.47175748145,346.47175748145,58376
2021-02-14,345.70352742051,349.54467772518,342.63060717677,344.16706729864,52654
2021-02-15,361.0681286392,361.0681286392,344.93529735958,350.31290778612,64582
2021-02-16,353.38582802986,359.53166851733,347.23998754238,354.92228815173,103729
2021-02-17,355.69051821266,360.29989857827,350.31290778612,358.7634384564,119712
2021-02-18,361.0681286392,367.98219918761,357.22697833453,362.60458876107,117240
2021-02-21,361.83635870014,371.82334949228,358.7634384564,363.37281882201,115833
2021-02-22,364.14104888294,364.14104888294,353.38582802986,356.4587482736,99940
2021-02-23,353.38582802986,353.38582802986,342.63060717677,349.54467772518,61301
2021-02-24,366.44573906574,366.44573906574,348.00821760332,352.61759796892,76992
2021-02-25,357.99520839546,357.99520839546,345.70352742051,349.54467772518,60468
2021-02-28,345.70352742051,345.70352742051,336.4847666893,338.7894568721,87385
2021-03-01,338.7894568721,344.93529735958,334.1800765065,341.86237711584,86938
2021-03-02,344.93529735958,344.93529735958,330.33892620182,334.1800765065,70484
2021-03-03,334.1800765065,334.1800765065,323.42485565341,328.80246607995,74820
2021-03-04,331.10715626276,334.94830656743,330.33892620182,333.41184644556,58945
2021-03-08,333.41184644556,338.7894568721,329.57069614089,330.33892620182,72363
2021-03-09,330.33892620182,331.10715626276,325.72954583622,327.26600595809,36121
2021-03-10,323.42485565341,333.41184644556,323.42485565341,327.26600595809,41639
2021-03-14,322.65662559248,328.80246607995,320.35193540967,321.12016547061,47505
2021-03-15,327.26600595809,327.26600595809,318.81547528781,320.35193540967,29309
2021-03-16,318.81547528781,323.42485565341,318.04724522687,320.35193540967,38698
2021-03-17,324.96131577528,325.72954583622,318.81547528781,324.96131577528,18916
2021-03-18,341.09414705491,341.09414705491,324.96131577528,330.33892620182,37568
2021-03-21,330.33892620182,338.02122681117,330.33892620182,335.71653662836,38957
2021-03-22,336.4847666893,336.4847666893,329.57069614089,329.57069614089,32906
2021-03-23,330.33892620182,333.41184644556,324.96131577528,328.03423601902,23070
2021-03-24,330.33892620182,335.71653662836,327.26600595809,329.57069614089,45332
2021-03-25,333.41184644556,333.41184644556,327.26600595809,331.10715626276,55859
2021-03-29,333.41184644556,333.41184644556,326.49777589715,329.57069614089,27514
2021-03-30,331.87538632369,331.87538632369,327.26600595809,328.80246607995,28165
2021-03-31,332.64361638463,347.23998754238,327.26600595809,341.86237711584,108531
2021-04-01,349.54467772518,349.54467772518,333.41184644556,337.25299675023,69742
2021-04-04,338.02122681117,341.86237711584,333.41184644556,338.7894568721,71522
2021-04-05,341.86237711584,341.86237711584,334.1800765065,335.71653662836,38063
2021-04-06,331.87538632369,337.25299675023,331.87538632369,335.71653662836,48766
2021-04-07,336.4847666893,337.25299675023,331.87538632369,335.71653662836,30237
2021-04-08,337.25299675023,337.25299675023,333.41184644556,335.71653662836,42866
2021-04-12,334.94830656743,336.4847666893,331.10715626276,335.71653662836,64341
2021-04-13,345.70352742051,345.70352742051,335.71653662836,341.86237711584,102443
2021-04-15,345.70352742051,347.23998754238,341.86237711584,344.16706729864,80699
2021-04-18,349.54467772518,350.31290778612,337.25299675023,338.7894568721,75807
2021-04-19,334.94830656743,338.02122681117,331.87538632369,332.64361638463,75119
2021-04-20,330.33892620182,334.94830656743,329.57069614089,330.33892620182,69148
2021-04-21,328.03423601902,334.1800765065,326.49777589715,329.57069614089,67723
2021-04-22,334.1800765065,334.1800765065,325.72954583622,328.80246607995,57567
2021-04-25,331.10715626276,331.10715626276,321.12016547061,321.88839553154,53306
2021-04-26,321.12016547061,325.72954583622,308.82848449566,316.510785105,82121
2021-04-27,318.81547528781,321.12016547061,312.66963480033,319.58370534874,91231
2021-04-28,322.65662559248,323.42485565341,315.74255504407,318.81547528781,41259
2021-04-29,318.81547528781,323.42485565341,318.04724522687,321.88839553154,48621
2021-05-02,324.19308571435,328.03423601902,322.65662559248,325.72954583622,58954
2021-05-03,328.80246607995,330.33892620182,320.35193540967,321.12016547061,63178
2021-05-04,324.96131577528,324.96131577528,318.81547528781,320.35193540967,46355
2021-05-05,305.75556425192,324.96131577528,305.75556425192,320.35193540967,48809
2021-05-06,326.49777589715,326.49777589715,318.81547528781,320.35193540967,43509
2021-05-09,320.35193540967,323.42485565341,316.510785105,321.88839553154,44803
2021-05-10,324.19308571435,324.19308571435,319.58370534874,322.65662559248,34550
2021-05-11,330.33892620182,330.33892620182,321.12016547061,323.42485565341,47979
2021-05-12,323.42485565341,324.19308571435,321.12016547061,321.88839553154,34976
2021-05-13,322.65662559248,323.42485565341,321.12016547061,321.88839553154,43764
2021-05-16,324.19308571435,326.49777589715,323.42485565341,326.49777589715,64623
2021-05-17,334.1800765065,334.1800765065,328.03423601902,328.80246607995,50942
2021-05-18,331.10715626276,332.64361638463,328.80246607995,332.64361638463,73076
2021-05-19,333.41184644556,338.7894568721,331.87538632369,334.1800765065,87374
2021-05-20,349.54467772518,349.54467772518,328.80246607995,335.71653662836,60345
2021-05-23,334.1800765065,341.86237711584,328.80246607995,341.86237711584,95466
2021-05-24,342.63060717677,349.54467772518,342.63060717677,347.23998754238,201509
2021-05-25,348.00821760332,348.00821760332,340.32591699397,342.63060717677,45800
2021-05-27,338.02122681117,342.63060717677,334.1800765065,341.09414705491,86267
2021-05-30,341.09414705491,348.77644766425,338.02122681117,344.16706729864,156823
2021-05-31,347.23998754238,349.54467772518,338.7894568721,339.55768693304,63529
2021-06-01,338.02122681117,339.55768693304,333.41184644556,335.71653662836,72507
2021-06-02,335.71653662836,340.32591699397,334.1800765065,338.02122681117,67701
2021-06-03,341.86237711584,349.54467772518,338.02122681117,345.70352742051,169456
2021-06-06,349.54467772518,369.51865930948,349.54467772518,357.99520839546,309217
2021-06-07,341.09414705491,368.75042924855,341.09414705491,352.61759796892,178135
2021-06-08,353.38582802986,359.53166851733,351.84936790799,355.69051821266,181070
2021-06-09,355.69051821266,360.29989857827,352.61759796892,354.92228815173,94004
2021-06-10,353.38582802986,357.22697833453,350.31290778612,351.08113784705,69384
2021-06-13,351.08113784705,355.69051821266,343.39883723771,354.15405809079,135433
2021-06-14,354.15405809079,372.59157955322,353.38582802986,367.21396912668,238183
2021-06-15,368.75042924855,381.81034028443,368.75042924855,374.12803967509,346796
2021-06-16,374.12803967509,391.79733107658,370.28688937042,377.96918997976,249556
2021-06-17,382.57857034537,384.88326052817,375.66449979696,376.43272985789,132336
2021-06-20,357.99520839546,384.11503046724,357.99520839546,365.67750900481,185371
2021-06-21,380.27388016256,380.27388016256,357.99520839546,361.0681286392,158267
2021-06-22,345.70352742051,371.05511943135,345.70352742051,370.28688937042,112308
2021-06-23,370.28688937042,370.28688937042,361.0681286392,361.83635870014,72529
2021-06-24,377.20095991883,377.20095991883,357.22697833453,370.28688937042,168916
2021-06-27,365.67750900481,384.11503046724,365.67750900481,378.73742004069,165483
2021-06-28,397.17494150312,397.17494150312,377.20095991883,381.81034028443,183885
2021-06-29,384.11503046724,386.41972065004,370.28688937042,372.59157955322,73114
2021-06-30,365.67750900481,371.82334949228,362.60458876107,370.28688937042,49724
2021-07-01,351.84936790799,377.20095991883,351.84936790799,371.82334949228,97084
2021-07-04,371.82334949228,374.12803967509,364.90927894387,366.44573906574,54096
2021-07-05,366.44573906574,371.82334949228,361.83635870014,365.67750900481,37585
2021-07-06,364.90927894387,366.44573906574,361.0681286392,363.37281882201,44597
2021-07-07,370.28688937042,370.28688937042,361.83635870014,361.83635870014,77933
2021-07-08,362.60458876107,368.75042924855,361.0681286392,366.44573906574,51483
2021-07-11,367.21396912668,374.89626973602,366.44573906574,374.89626973602,63968
2021-07-12,376.43272985789,379.50565010163,367.21396912668,368.75042924855,69957
2021-07-13,363.37281882201,371.05511943135,363.37281882201,369.51865930948,64679
2021-07-14,374.89626973602,374.89626973602,366.44573906574,367.98219918761,40531
2021-07-15,368.75042924855,370.28688937042,365.67750900481,367.98219918761,59702
2021-07-18,367.98219918761,391.79733107658,367.98219918761,390.26087095471,199269
2021-07-19,395.63848138125,403.55125100888,391.02910101565,393.33379119845,298032
2021-07-20,393.33379119845,419.22314425194,388.72441083284,418.68538320929,428610
2021-07-22,426.36768381863,460.55392153022,422.60335652005,451.71927582947,800592
2021-07-25,460.7075675424,465.3937709141,447.10989546386,458.63334637788,400066
2021-07-26,455.56042613414,458.63334637788,441.73228503732,444.80520528106,564272
2021-07-27,437.89113473265,449.41458564667,427.9041439405,441.73228503732,308307
2021-07-28,441.73228503732,447.10989546386,436.35467461078,437.89113473265,130006
2021-07-29,441.73228503732,441.73228503732,430.2088341233,438.65936479358,107729
2021-08-01,441.73228503732,442.50051509826,434.04998442798,436.35467461078,134087
2021-08-02,434.04998442798,441.65546203123,434.04998442798,440.19582491545,90713
2021-08-03,441.73228503732,447.8781255248,438.73618779968,445.57343534199,98770
2021-08-04,454.48490404883,454.48490404883,443.42239117138,447.49401049433,117917
2021-08-05,447.8781255248,450.95104576854,444.03697522012,445.57343534199,128975
2021-08-08,446.34166540293,450.1828157076,445.57343534199,446.34166540293,106350
2021-08-09,450.1828157076,450.1828157076,442.50051509826,445.57343534199,98808
2021-08-10,453.25573595134,459.40157643881,441.73228503732,455.56042613414,164275
2021-08-11,464.62554085317,476.30263777937,451.71927582947,452.4875058904,332172
2021-08-12,452.4875058904,460.16980649975,451.71927582947,455.63724914024,207792
2021-08-15,464.01095680442,464.70236385926,449.41458564667,456.32865619508,246363
2021-08-16,460.93803656068,460.93803656068,451.10469178072,453.25573595134,178209
2021-08-17,449.41458564667,456.32865619508,447.18671846996,448.56953257964,119069
2021-08-18,447.10989546386,460.93803656068,441.73228503732,457.09688625601,203897
2021-08-19,457.86511631695,460.93803656068,453.25573595134,453.63985098181,155462
2021-08-24,457.09688625601,457.09688625601,444.03697522012,445.57343534199,84503
2021-08-25,442.50051509826,444.19062123231,436.50832062297,437.2765506839,81382
2021-08-26,437.12290467171,440.96405497639,434.04998442798,437.89113473265,73544
2021-08-29,437.89113473265,444.80520528106,429.21013504409,429.44060406237,74915
2021-08-31,426.36768381863,427.13591387957,414.84423290461,417.91715314835,99639
2021-09-01,417.91715314835,425.5994537577,413.30777278275,421.37418842256,93937
2021-09-02,420.99007339209,426.36768381863,415.0747019229,420.22184333116,64932
2021-09-05,414.07600284368,416.38069302648,397.25176450922,406.39370223434,118899
2021-09-06,406.39370223434,426.36768381863,398.78822463108,426.36768381863,80904
2021-09-07,426.36768381863,426.36768381863,417.91715314835,417.91715314835,39266
2021-09-08,418.22444517273,418.22444517273,407.16193229527,411.00308259994,37797
2021-09-09,413.30777278275,417.14892308742,407.16193229527,411.23355161822,37249
2021-09-12,411.00308259994,417.91715314835,411.00308259994,414.07600284368,49372
2021-09-13,420.99007339209,424.83122369676,414.84423290461,419.45361327022,61708
2021-09-14,422.52653351396,424.06299363583,414.84423290461,420.22184333116,50050
2021-09-15,420.22184333116,420.22184333116,411.00308259994,411.77131266088,51866
2021-09-16,411.00308259994,411.00308259994,395.63848138125,399.63327769811,84511
2021-09-20,403.3207819906,404.08901205153,386.41972065004,390.18404794862,112904
2021-09-21,384.11503046724,397.94317156406,377.96918997976,389.49264089378,80684
2021-09-22,397.17494150312,411.00308259994,391.79733107658,406.39370223434,61892
2021-09-23,414.46011787415,429.44060406237,408.69839241714,418.68538320929,113896
2021-09-26,426.90544486129,430.2088341233,411.77131266088,414.84423290461,80063
2021-09-27,414.07600284368,414.07600284368,395.63848138125,401.78432186873,71015
2021-09-28,403.3207819906,403.3207819906,388.72441083284,391.02910101565,65077
2021-09-29,391.79733107658,393.33379119845,380.19705715647,393.33379119845,78586
2021-09-30,395.63848138125,397.17494150312,387.95618077191,390.26087095471,48902
2021-10-03,390.26087095471,390.26087095471,382.57857034537,382.57857034537,62039
2021-10-04,382.57857034537,385.6514905891,377.20095991883,381.81034028443,54880
2021-10-05,380.27388016256,389.49264089378,377.96918997976,387.18795071097,55864
2021-10-06,394.87025132032,395.56165837516,384.11503046724,388.72441083284,39844
2021-10-10,388.72441083284,402.55255192966,387.95618077191,391.41321604611,51759
2021-10-11,391.02910101565,392.48873813142,384.11503046724,391.02910101565,26076
2021-10-17,391.02910101565,395.56165837516,387.95618077191,390.18404794862,13824
2021-10-18,390.26087095471,390.26087095471,379.65929611382,381.0421102235,38949
2021-10-19,385.6514905891,385.6514905891,370.28688937042,378.73742004069,42712
2021-10-20,386.26607463785,397.25176450922,377.96918997976,387.03430469879,28247
2021-10-21,379.50565010163,387.95618077191,379.50565010163,384.26867647942,30079
2021-10-24,384.88326052817,387.95618077191,377.96918997976,386.41972065004,39448
2021-10-25,387.18795071097,394.10202125938,383.3468004063,393.33379119845,47523
2021-10-26,399.47963168593,403.3207819906,394.10202125938,403.3207819906,60461
2021-10-27,404.85724211247,429.0564890319,396.40671144219,423.29476357489,193472
2021-10-28,426.36768381863,430.2088341233,413.30777278275,413.30777278275,91581
2021-10-31,407.16193229527,417.91715314835,402.55255192966,408.69839241714,75090
2021-11-01,400.55515377123,411.00308259994,399.47963168593,400.24786174686,66975
2021-11-02,400.24786174686,407.08510928918,395.63848138125,406.00958720387,30675
2021-11-03,414.07600284368,421.75830345303,409.46662247807,417.07210008132,103451
2021-11-08,417.14892308742,417.91715314835,405.6254721734,405.6254721734,27478
2021-11-09,405.70229517949,407.16193229527,393.33379119845,395.63848138125,53120
2021-11-11,393.33379119845,399.47963168593,384.11503046724,389.49264089378,68078
2021-11-14,386.41972065004,391.79733107658,381.81034028443,390.95227800955,36575
2021-11-15,391.79733107658,395.56165837516,388.72441083284,389.10852586331,27116
2021-11-16,389.49264089378,394.10202125938,384.11503046724,390.26087095471,48725
2021-11-17,397.94317156406,397.94317156406,390.4145169669,394.02519825329,47611
2021-11-18,386.49654365613,392.56556113752,386.49654365613,390.4145169669,19692
2021-11-21,390.26087095471,391.79733107658,386.03560561957,387.18795071097,39307
2021-11-22,387.18795071097,391.02910101565,386.41972065004,387.34159672316,20171
2021-11-23,384.11503046724,387.95618077191,380.27388016256,381.88716329053,36868
2021-11-24,381.81034028443,383.26997740021,380.35070316866,380.9652872174,36718
2021-11-25,381.0421102235,383.73091543677,377.20095991883,380.27388016256,40312
2021-11-28,377.20095991883,380.27388016256,361.0681286392,365.67750900481,64115
2021-11-29,361.83635870014,371.05511943135,360.29989857827,366.82985409621,25152
2021-11-30,364.14104888294,368.75042924855,359.53166851733,363.37281882201,35963
2021-12-01,362.60458876107,364.90927894387,361.0681286392,363.37281882201,28814
2021-12-02,364.90927894387,366.36891605965,358.7634384564,358.7634384564,37874
2021-12-05,354.15405809079,357.22697833453,341.09414705491,342.63060717677,68193
2021-12-06,342.63060717677,352.61759796892,330.33892620182,346.47175748145,68814
2021-12-07,347.31681054847,351.00431484096,344.16706729864,344.16706729864,28400
2021-12-08,341.86237711584,341.86237711584,335.71653662836,338.7894568721,27135
2021-12-09,338.02122681117,338.02122681117,330.33892620182,337.25299675023,40348
2021-12-12,335.71653662836,338.7894568721,323.42485565341,323.42485565341,32738
2021-12-13,323.42485565341,323.96261669607,311.97822774549,323.42485565341,50626
2021-12-14,329.57069614089,338.02122681117,323.04074062295,335.71653662836,12873
2021-12-15,341.86237711584,348.00821760332,330.33892620182,334.1800765065,34320
2021-12-16,334.1800765065,338.7894568721,330.41574920792,338.7894568721,42355
2021-12-20,345.54988140833,362.52776575498,345.54988140833,355.69051821266,203606
2021-12-21,362.68141176716,362.75823477326,352.38712895064,359.53166851733,89845
2021-12-22,364.90927894387,374.89626973602,359.53166851733,373.35980961415,91095
2021-12-23,380.19705715647,381.81034028443,369.51865930948,381.0421102235,77234
2021-12-26,383.42362341239,385.6514905891,380.27388016256,384.11503046724,130801
2021-12-27,391.79733107658,391.79733107658,377.20095991883,378.73742004069,88858
2021-12-28,378.73742004069,382.57857034537,374.89626973602,379.50565010163,91046
2021-12-29,383.3468004063,383.3468004063,374.89626973602,377.96918997976,200533
2022-01-02,377.96918997976,379.812942126,368.84261685586,378.89106605288,78818
2022-01-03,383.50044641849,385.34419856473,379.812942126,382.57857034537,35929
2022-01-04,389.03170285722,390.87545500346,377.96918997976,389.03170285722,52990
2022-01-05,392.7192071497,396.40671144219,385.34419856473,386.26607463785,45591
2022-01-06,387.18795071097,389.03170285722,383.03950838193,388.1098267841,37485
2022-01-09,390.87545500346,400.09421573467,387.18795071097,397.32858751531,79470
2022-01-10,401.01609180779,403.3207819906,393.64108322282,395.48483536907,70123
2022-01-11,395.94577340563,399.08015205424,392.81139475701,395.39264776175,41350
2022-01-12,401.01609180779,401.01609180779,389.03170285722,390.87545500346,39598
2022-01-13,388.57076482066,393.54889561551,388.57076482066,393.54889561551,37250
2022-01-16,393.54889561551,402.85984395404,396.4988990495,401.01609180779,63396
2022-01-17,406.54734824652,407.46922431964,401.01609180779,406.54734824652,50102
2022-01-18,406.54734824652,413.00048075837,402.76765634672,405.6254721734,95284
2022-01-19,405.6254721734,407.46922431964,392.99576997164,399.17233966155,60921
2022-01-20,396.40671144219,401.01609180779,394.10202125938,399.17233966155,41039
2022-01-23,405.6254721734,406.54734824652,394.56295929594,396.59108665681,42972
2022-01-24,400.09421573467,400.09421573467,385.34419856473,389.03170285722,67946
2022-01-25,387.18795071097,391.79733107658,382.57857034537,387.09576310366,51430
2022-01-26,387.18795071097,387.18795071097,382.57857034537,383.86919684774,27790
2022-01-27,382.57857034537,389.95357893034,382.57857034537,384.42232249161,21775
2022-01-30,391.79733107658,398.25046358843,387.28013831829,391.52076825464,39524
2022-01-31,392.7192071497,392.7192071497,388.29420199872,389.03170285722,20348
2022-02-01,387.18795071097,390.87545500346,385.34419856473,389.95357893034,33761
2022-02-03,391.79733107658,391.79733107658,387.18795071097,387.74107635485,47402
2022-02-06,385.34419856473,389.03170285722,384.42232249161,385.34419856473,33404
2022-02-07,383.96138445505,389.95357893034,383.5926340258,384.42232249161,26388
2022-02-08,389.95357893034,391.79733107658,383.50044641849,384.42232249161,33948
2022-02-09,384.42232249161,385.34419856473,380.73481819912,383.03950838193,16231
2022-02-10,389.03170285722,389.03170285722,380.73481819912,382.11763230881,20035
2022-02-13,374.55824850921,381.65669427225,373.35980961415,373.82074765071,42697
2022-02-14,373.35980961415,377.96918997976,371.51605746791,372.43793354103,24705
2022-02-15,373.35980961415,377.96918997976,371.70043268253,375.2035617604,36803
2022-02-16,382.57857034537,382.57857034537,374.28168568727,375.11137415308,17607
2022-02-17,382.57857034537,382.57857034537,371.97699550447,373.35980961415,18795
2022-02-20,368.75042924855,370.59418139479,364.14104888294,367.82855317543,35466
2022-02-21,368.75042924855,373.35980961415,366.9066771023,370.59418139479,27798
2022-02-22,370.59418139479,376.12543783352,370.59418139479,373.17543439953,15662
2022-02-23,374.18949807996,374.28168568727,368.65824164123,368.75042924855,35048
2022-02-24,369.67230532167,369.67230532167,361.37542066358,365.98480102918,33591
2022-02-27,365.98480102918,366.26136385112,360.54573219777,364.14104888294,29411
2022-02-28,364.14104888294,370.50199378748,357.68791637109,359.53166851733,66116
2022-03-02,357.68791637109,359.53166851733,348.46915563988,350.31290778612,63480
2022-03-06,348.93009367644,354.46135011517,348.93009367644,351.14259625193,31906
2022-03-07,352.15665993236,356.76604029797,352.15665993236,354.92228815173,21937
2022-03-09,358.60979244421,359.53166851733,351.32697146655,353.90822447129,20104
2022-03-10,353.07853600548,356.67385269066,350.31290778612,356.30510226141,28256
2022-03-13,359.53166851733,371.51605746791,356.30510226141,371.51605746791,56207
2022-03-14,377.04731390664,378.89106605288,364.14104888294,370.59418139479,43377
2022-03-15,373.35980961415,373.35980961415,364.14104888294,367.82855317543,36194
2022-03-16,367.82855317543,368.75042924855,365.06292495606,365.24730017069,20680
2022-03-20,368.75042924855,370.59418139479,361.37542066358,365.61605059993,22115
2022-03-21,370.59418139479,370.59418139479,360.45354459045,364.69417452681,18867
2022-03-22,364.69417452681,368.19730360467,364.14104888294,366.9066771023,20056
2022-03-23,374.18949807996,374.18949807996,361.37542066358,364.14104888294,14248
2022-03-24,363.68011084638,364.14104888294,361.37542066358,362.2972967367,24489
2022-03-27,362.2972967367,363.21917280982,357.68791637109,357.7801039784,20877
2022-03-28,355.4754137956,359.53166851733,354.0004120786,355.84416422485,22843
2022-03-29,351.23478385924,359.16291808808,349.391031713,353.90822447129,18020
2022-03-30,353.07853600548,357.68791637109,351.23478385924,354.92228815173,19953
2022-03-31,356.76604029797,357.68791637109,353.07853600548,354.09259968592,16460
2022-04-03,354.09259968592,354.92228815173,349.02228128375,350.77384582268,21505
2022-04-04,345.70352742051,352.15665993236,345.70352742051,349.391031713,44329
2022-04-05,354.92228815173,354.92228815173,342.47696116459,347.36290435213,28851
2022-04-06,344.78165134739,348.46915563988,336.4847666893,338.23633122823,40684
2022-04-07,336.20820386736,345.70352742051,336.20820386736,343.85977527427,22876
2022-04-11,343.85977527427,352.15665993236,337.49883036973,338.32851883554,27160
2022-04-12,335.19414018693,344.13633809621,335.19414018693,335.37851540155,12556
2022-04-13,335.56289061618,340.17227098178,335.56289061618,338.32851883554,29290
2022-04-17,341.09414705491,346.62540349363,339.25039490866,342.01602312803,20608
2022-04-18,341.09414705491,344.78165134739,338.32851883554,341.00195944759,15159
2022-04-19,340.17227098178,342.93789920115,330.67694742863,342.01602312803,19684
2022-04-20,343.85977527427,348.46915563988,338.32851883554,341.09414705491,16063
2022-04-21,341.09414705491,341.09414705491,334.64101454306,341.09414705491,14989
2022-04-24,342.01602312803,347.54727956676,338.32851883554,347.17852913751,22222
2022-04-25,350.31290778612,354.0004120786,345.70352742051,348.46915563988,15248
2022-04-26,344.78165134739,347.54727956676,342.47696116459,343.85977527427,11521
2022-04-27,341.09414705491,342.01602312803,339.25039490866,342.01602312803,12344
2022-04-28,348.46915563988,348.46915563988,338.42070644285,340.17227098178,26491
2022-05-02,338.32851883554,338.32851883554,335.19414018693,335.56289061618,15384
2022-05-04,335.56289061618,337.40664276242,331.87538632369,332.79726239681,12602
2022-05-05,332.79726239681,336.4847666893,328.18788203121,328.46444485314,14718
2022-05-08,328.46444485314,328.46444485314,324.50037773872,326.80506792152,20085
2022-05-09,331.87538632369,338.32851883554,327.26600595809,336.4847666893,16600
2022-05-10,342.93789920115,348.19259281794,336.4847666893,348.19259281794,13260
2022-05-11,348.46915563988,354.0004120786,342.01602312803,354.0004120786,17055
2022-05-12,354.0004120786,358.60979244421,349.391031713,350.22072017881,13959
2022-05-17,353.07853600548,353.07853600548,336.4847666893,337.40664276242,10299
2022-05-18,340.17227098178,340.17227098178,333.71913846993,337.40664276242,8992
2022-05-19,337.40664276242,343.85977527427,336.11601626005,337.2222675478,7073
2022-05-20,337.40664276242,337.40664276242,331.87538632369,335.56289061618,5095
2022-05-23,342.01602312803,342.01602312803,330.58475982132,331.87538632369,15982
2022-05-24,326.34412988496,337.40664276242,325.42225381184,333.71913846993,10269
2022-05-25,333.71913846993,336.4847666893,331.87538632369,334.64101454306,17122
2022-05-26,334.64101454306,338.32851883554,332.79726239681,338.32851883554,12109
2022-05-27,338.32851883554,338.32851883554,334.64101454306,336.39257908199,10347
2022-05-30,338.32851883554,338.32851883554,328.37225724583,329.10975810433,12409
2022-05-31,327.26600595809,327.26600595809,320.90506105355,324.50037773872,14454
2022-06-01,326.34412988496,328.18788203121,322.65662559248,324.50037773872,10455
2022-06-02,324.50037773872,325.42225381184,320.90506105355,322.65662559248,16073
2022-06-03,316.29568068794,324.50037773872,316.29568068794,316.66443111719,18065
2022-06-06,318.04724522687,318.50818326343,311.59411271502,316.20349308063,20851
2022-06-07,313.43786486126,318.04724522687,297.39722118895,303.20504044962,49886
2022-06-08,305.14098020317,310.6722366419,303.48160327155,307.90660842254,27291
2022-06-09,308.82848449566,313.99099050514,307.16910756404,308.82848449566,15288
2022-06-10,313.34567725395,313.34567725395,300.53159983757,309.38161013953,8784
2022-06-13,309.38161013953,313.43786486126,306.06285627629,306.06285627629,9837
2022-06-14,304.21910413005,308.82848449566,302.74410241306,302.83629002037,11543
2022-06-15,303.29722805693,303.29722805693,297.7659716182,301.45347591069,11386
2022-06-16,299.60972376444,304.21910413005,294.26284254034,295.92221947196,28991
2022-06-17,301.45347591069,301.45347591069,294.53940536228,294.90815579153,7331
2022-06-19,299.60972376444,299.60972376444,290.48315064054,293.15659125259,13101
2022-06-20,289.46908696011,293.15659125259,282.18626598245,286.3347083115,25115
2022-06-21,284.8597065945,291.31283910635,283.93783052138,286.70345874074,26282
2022-06-22,290.39096303323,290.39096303323,280.2503262289,285.78158266762,37679
2022-06-23,284.8597065945,285.78158266762,276.74719715103,281.17220230202,43832
2022-06-24,281.17220230202,285.78158266762,274.71906979017,284.8597065945,12201
2022-06-26,289.46908696011,292.23471517947,283.75345530676,290.48315064054,39098
2022-06-27,291.22065149904,295.92221947196,288.54721088699,289.46908696011,22811
2022-06-28,285.58798869227,307.07691995673,283.93783052138,304.21910413005,21480
2022-06-29,304.21910413005,304.21910413005,289.46908696011,300.99253787413,20955
2022-06-30,304.21910413005,306.06285627629,299.60972376444,304.68004216661,33598
2022-07-01,310.58004903459,310.58004903459,299.97847419369,300.53159983757,14504
2022-07-03,300.53159983757,304.21910413005,299.05659812057,301.45347591069,21180
2022-07-04,304.21910413005,311.59411271502,303.29722805693,303.29722805693,47200
2022-07-05,304.21910413005,308.82848449566,299.60972376444,304.12691652274,35848
2022-07-06,308.73629688835,308.73629688835,293.15659125259,302.37535198381,19649
2022-07-07,304.21910413005,307.90660842254,299.60972376444,304.21910413005,22802
2022-07-08,304.21910413005,304.21910413005,295.00034339884,297.7659716182,6386
2022-07-11,293.15659125259,295.00034339884,285.78158266762,287.99408524311,31001
2022-07-12,287.99408524311,293.70971689647,281.90970316051,285.78158266762,46072
2022-07-13,291.31283910635,291.31283910635,284.8597065945,288.17846045774,28378
2022-07-14,293.15659125259,299.51753615713,289.46908696011,299.51753615713,129060
2022-07-15,299.60972376444,306.98473234941,297.7659716182,305.14098020317,23305
2022-07-17,305.14098020317,306.98473234941,302.55972719843,306.98473234941,13768
2022-07-18,305.23316781048,306.98473234941,301.45347591069,306.98473234941,30494
2022-07-19,309.75036056878,311.59411271502,305.78629345436,306.24723149092,48655
2022-07-20,305.14098020317,306.06285627629,303.29722805693,304.21910413005,9519
2022-07-21,310.30348621265,310.30348621265,299.60972376444,300.53159983757,33924
2022-07-22,306.15504388361,306.15504388361,295.00034339884,295.00034339884,73821
2022-07-24,300.53159983757,304.21910413005,293.15659125259,299.60972376444,34052
2022-07-25,299.60972376444,308.82848449566,299.60972376444,305.97066866898,22249
2022-07-26,304.21910413005,307.90660842254,301.45347591069,302.2831643765,28310
2022-07-27,302.37535198381,303.29722805693,299.60972376444,303.29722805693,15694
2022-07-28,304.21910413005,304.68004216661,301.45347591069,303.48160327155,25355
2022-07-29,307.44567038598,307.81442081522,300.53159983757,303.29722805693,10688
2022-07-31,309.28942253222,309.28942253222,303.29722805693,308.73629688835,52879
2022-08-01,312.51598878814,316.84880633181,307.07691995673,310.6722366419,29020
2022-08-02,311.50192510771,311.59411271502,306.06285627629,308.82848449566,16845
2022-08-03,310.6722366419,312.51598878814,305.14098020317,305.97066866898,24591
2022-08-04,304.21910413005,309.75036056878,301.36128830337,301.63785112531,53722
2022-08-05,301.45347591069,306.98473234941,295.73784425733,300.53159983757,15314
2022-08-07,301.45347591069,302.37535198381,295.00034339884,298.68784769132,25006
2022-08-08,297.7659716182,303.20504044962,296.84409554508,298.68784769132,17323
2022-08-09,304.49566695199,304.49566695199,294.17065493303,295.00034339884,16292
2022-08-10,299.60972376444,300.43941223025,291.40502671366,294.07846732572,13511
2022-08-11,296.75190793777,297.67378401089,293.15659125259,294.90815579153,14796
2022-08-14,293.15659125259,298.59566008401,292.32690278679,292.32690278679,12706
2022-08-15,296.84409554508,299.60972376444,293.15659125259,299.60972376444,14532
2022-08-16,299.51753615713,302.37535198381,295.92221947196,297.67378401089,17914
2022-08-17,295.92221947196,297.7659716182,294.07846732572,295.00034339884,11949
2022-08-18,296.84409554508,299.60972376444,295.92221947196,297.7659716182,17718
2022-08-21,297.7659716182,304.21910413005,297.7659716182,304.21910413005,27475
2022-08-22,298.13472204745,304.21910413005,298.13472204745,302.37535198381,14918
2022-08-23,301.45347591069,304.21910413005,300.53159983757,302.83629002037,10216
2022-08-24,306.80035713479,308.82848449566,303.38941566424,304.68004216661,19675
2022-08-25,310.76442424921,310.76442424921,303.29722805693,304.21910413005,16629
2022-08-26,304.12691652274,305.60191823973,299.60972376444,300.16284940832,7870
2022-08-28,299.60972376444,299.60972376444,295.92221947196,297.30503358164,17936
2022-08-29,299.60972376444,299.60972376444,293.24877885991,296.75190793777,13656
2022-08-30,302.65191480574,302.65191480574,295.92221947196,296.93628315239,11139
2022-08-31,295.00034339884,299.51753615713,295.00034339884,295.64565665002,13331
2022-09-01,295.00034339884,297.7659716182,293.15659125259,295.92221947196,12572
2022-09-02,301.82222633994,301.82222633994,293.15659125259,295.00034339884,3734
2022-09-04,294.07846732572,299.60972376444,294.07846732572,295.92221947196,7380
2022-09-05,295.92221947196,298.68784769132,295.00034339884,296.29096990121,11229
2022-09-06,295.4612814354,298.68784769132,295.4612814354,295.92221947196,13240
2022-09-07,295.00034339884,295.00034339884,292.97221603797,294.81596818421,12342
2022-09-08,293.15659125259,295.92221947196,293.15659125259,294.07846732572,11069
2022-09-11,295.00034339884,295.92221947196,289.19252413817,289.46908696011,24584
2022-09-12,295.18471861346,301.08472548144,287.62533481387,289.46908696011,13529
2022-09-13,290.39096303323,293.15659125259,285.78158266762,291.49721432098,12273
2022-09-14,295.00034339884,297.30503358164,291.31283910635,295.92221947196,23829
2022-09-15,299.60972376444,299.60972376444,290.39096303323,291.31283910635,16374
2022-09-16,288.54721088699,290.39096303323,284.8597065945,290.39096303323,11315
2022-09-18,296.1987822939,296.1987822939,285.78158266762,289.46908696011,11440
2022-09-20,286.70345874074,287.62533481387,279.32845015577,281.26438990933,17004
2022-09-21,277.48469800953,287.53314720655,277.48469800953,283.01595444826,8026
2022-09-22,285.78158266762,288.45502327968,279.78938819233,281.17220230202,13150
2022-09-25,285.78158266762,285.78158266762,276.56282193641,280.2503262289,13739
2022-09-27,281.17220230202,285.78158266762,280.2503262289,282.18626598245,10558
2022-09-28,281.17220230202,286.70345874074,281.17220230202,286.24252070418,8119
2022-09-29,286.3347083115,291.31283910635,281.17220230202,291.31283910635,9610
2022-10-09,291.31283910635,295.92221947196,290.39096303323,295.4612814354,15873
2022-10-10,299.51753615713,299.51753615713,290.39096303323,291.31283910635,13000
2022-10-11,291.31283910635,291.31283910635,285.78158266762,291.31283910635,4458
2022-10-12,291.31283910635,294.81596818421,285.78158266762,292.23471517947,24496
2022-10-13,292.23471517947,295.92221947196,285.78158266762,291.22065149904,44417
2022-10-16,289.46908696011,292.23471517947,288.6393984943,291.31283910635,12032
2022-10-17,290.39096303323,295.92221947196,288.54721088699,289.00814892355,16317
2022-10-19,289.46908696011,290.39096303323,287.07220916999,288.54721088699,11518
2022-10-20,288.54721088699,292.23471517947,285.78158266762,291.31283910635,12755
2022-10-23,295.00034339884,295.00034339884,287.62533481387,293.06440364528,17351
2022-10-31,294.07846732572,297.7659716182,287.62533481387,292.69565321603,13157
2022-11-01,292.69565321603,299.60972376444,289.00814892355,298.68784769132,35973
2022-11-02,298.78003529863,303.29722805693,296.84409554508,298.68784769132,19128
2022-11-03,298.68784769132,300.53159983757,293.15659125259,294.07846732572,12711
2022-11-06,294.07846732572,297.7659716182,288.54721088699,296.84409554508,16955
2022-11-07,299.60972376444,299.60972376444,294.07846732572,295.92221947196,24381
2022-11-08,295.00034339884,296.84409554508,293.15659125259,295.92221947196,9278
2022-11-09,295.00034339884,299.51753615713,291.31283910635,291.77377714291,15234
2022-11-10,297.58159640358,297.58159640358,287.44095959924,289.46908696011,15742
2022-11-13,289.46908696011,291.31283910635,286.79564634806,287.34877199193,11950
2022-11-14,285.87377027494,289.83783738936,285.78158266762,286.70345874074,15187
2022-11-15,292.4190903941,298.22690965476,287.62533481387,290.39096303323,8337
2022-11-16,292.23471517947,292.23471517947,289.46908696011,289.93002499667,13463
2022-11-17,290.39096303323,295.00034339884,290.39096303323,294.53940536228,17607
2022-11-22,295.00034339884,296.84409554508,291.31283910635,294.07846732572,8935
2022-11-23,295.00034339884,295.00034339884,291.40502671366,292.23471517947,9236
2022-11-24,292.23471517947,294.90815579153,290.39096303323,294.07846732572,6331
2022-11-27,299.60972376444,299.88628658638,291.31283910635,291.77377714291,25216
2022-11-28,290.39096303323,295.00034339884,287.71752242118,287.71752242118,30870
2022-11-29,287.62533481387,293.06440364528,287.34877199193,289.74564978205,12352
2022-11-30,289.83783738936,294.53940536228,289.46908696011,292.23471517947,7447
2022-12-01,296.84409554508,296.84409554508,290.39096303323,293.15659125259,9580
2022-12-04,295.00034339884,295.00034339884,289.46908696011,292.23471517947,25605
2022-12-05,291.40502671366,291.40502671366,288.54721088699,290.39096303323,11332
2022-12-06,287.62533481387,290.75971346248,286.79564634806,287.34877199193,16382
2022-12-07,287.62533481387,290.39096303323,283.93783052138,284.8597065945,25574
2022-12-11,283.93783052138,284.8597065945,281.35657751664,283.47689248482,9650
2022-12-12,283.01595444826,288.54721088699,283.01595444826,285.78158266762,9970
2022-12-13,285.78158266762,290.11440021129,285.78158266762,288.08627285043,6355
2022-12-14,290.39096303323,290.39096303323,286.70345874074,286.79564634806,156925
2022-12-15,287.62533481387,288.54721088699,284.8597065945,285.78158266762,14709
2022-12-18,291.49721432098,291.49721432098,278.49876168996,282.09407837514,201937
2022-12-19,282.09407837514,286.70345874074,281.17220230202,283.01595444826,8067
2022-12-20,284.8597065945,285.78158266762,281.17220230202,281.35657751664,13973
2022-12-21,279.13485618042,284.58314377257,277.57688561684,283.66126769944,31483
2022-12-22,285.78158266762,285.78158266762,278.40657408265,282.92376684095,15590
2022-12-26,285.78158266762,290.39096303323,284.58314377257,290.39096303323,21883
2022-12-27,295.92221947196,299.60972376444,295.00034339884,298.04253444014,51610
2022-12-28,297.7659716182,297.7659716182,292.4190903941,297.21284597433,19569
2022-12-29,299.60972376444,303.11285284231,293.70971689647,302.37535198381,25822
2023-01-01,308.3675464591,310.30348621265,299.60972376444,300.53159983757,39484
2023-01-02,300.53159983757,303.75816609349,294.53940536228,300.53159983757,25571
2023-01-03,306.06285627629,306.52379431285,300.53159983757,303.29722805693,42776
2023-01-04,306.06285627629,308.82848449566,303.29722805693,308.3675464591,47144
2023-01-05,313.43786486126,315.28161700751,307.44567038598,315.28161700751,53538
2023-01-08,319.70662215849,319.70662215849,311.77848792965,313.43786486126,92031
2023-01-09,313.43786486126,321.73474951936,309.01285971028,318.96912129999,105273
2023-01-10,313.43786486126,328.00350681658,304.21910413005,313.43786486126,248684
2023-01-12,313.43786486126,322.10349994861,304.21910413005,304.40347934468,67648
2023-01-17,303.29722805693,305.14098020317,299.60972376444,302.37535198381,62496
2023-01-18,302.37535198381,305.14098020317,298.13472204745,298.68784769132,40481
2023-01-19,298.68784769132,302.37535198381,296.93628315239,298.68784769132,37215
2023-01-23,292.78784082335,295.00034339884,283.93783052138,287.71752242118,126466
2023-01-24,287.62533481387,293.15659125259,282.18626598245,283.93783052138,79173
2023-01-25,288.54721088699,289.46908696011,284.39876855794,286.88783395537,34199
2023-01-26,290.39096303323,290.39096303323,283.93783052138,283.93783052138,31528
2023-01-29,283.93783052138,285.78158266762,281.26438990933,281.26438990933,37956
2023-01-30,281.63314033858,283.93783052138,278.86751211921,279.05188733384,66765
2023-01-31,278.40657408265,283.93783052138,276.65500954372,277.48469800953,32832
2023-02-01,283.01595444826,283.01595444826,275.64094586329,276.56282193641,45514
2023-02-02,276.56282193641,280.2503262289,275.08782021942,275.18000782673,32404
2023-02-05,280.61907665814,280.61907665814,274.25813175361,274.71906979017,34791
2023-02-06,276.56282193641,276.56282193641,273.79719371705,274.71906979017,21360
2023-02-07,276.56282193641,282.00189076783,275.64094586329,280.61907665814,41141
2023-02-08,283.93783052138,287.80971002849,281.44876512395,283.01595444826,66790
2023-02-09,282.09407837514,285.68939506031,281.17220230202,283.93783052138,29687
2023-02-12,287.62533481387,287.62533481387,276.56282193641,276.74719715103,28593
2023-02-14,276.56282193641,278.40657408265,274.71906979017,275.18000782673,22019
2023-02-15,276.56282193641,276.56282193641,272.87531764392,272.96750525124,37344
2023-02-16,267.52843641982,274.71906979017,267.52843641982,271.9534415708,23137
2023-02-20,269.18781335144,273.79719371705,268.35812488563,270.10968942456,25304
2023-02-22,270.10968942456,278.40657408265,270.10968942456,271.03156549768,26153
2023-02-23,272.87531764392,272.87531764392,266.42218513207,266.51437273939,41640
2023-02-26,267.3440612052,267.3440612052,258.12530047398,263.65655691271,32146
2023-02-27,264.3018701639,269.18781335144,260.89092869335,262.73468083959,23893
2023-02-28,267.3440612052,267.3440612052,261.81280476647,262.73468083959,18954
2023-03-01,266.79093556132,266.79093556132,259.0471765471,259.96905262023,18727
2023-03-02,258.30967568861,259.13936415442,256.83467397161,257.4799872228,17392
2023-03-05,262.45811801765,262.55030562497,259.32373936904,261.72061715916,37017
2023-03-07,262.73468083959,268.26593727832,259.96905262023,268.26593727832,34653
2023-03-09,270.10968942456,279.32845015577,268.63468770757,278.40657408265,45885
2023-03-12,281.17220230202,283.66126769944,272.96750525124,275.18000782673,44726
2023-03-13,275.64094586329,277.30032279491,271.49250353424,275.64094586329,69587
2023-03-14,281.15376478055,281.15376478055,262.34749288888,264.88633959425,36492
2023-03-15,265.16843367263,266.01471590776,254.91901549167,255.76529772679,35903
2023-03-16,252.00404334846,252.47420014575,243.63525235666,245.89200498366,59597
2023-03-19,248.71294576741,248.71294576741,242.60090740262,242.78897012154,21040
2023-03-20,242.78897012154,247.11441265662,240.81431157291,242.60090740262,13799
2023-03-22,247.396506735,247.396506735,240.81431157291,241.19043701074,20447
2023-03-23,238.83965302428,241.66059380803,236.95902583512,238.83965302428,17649
2023-03-26,238.83965302428,238.83965302428,232.2574578622,233.19777145678,30751
2023-03-27,233.19777145678,235.07839864595,227.55588988928,230.28279931357,39301
2023-03-28,229.43651707845,233.66792825407,228.59023484332,232.53955194057,20785
2023-03-29,230.37683067303,234.89033592703,229.43651707845,231.31714426761,10613
2023-03-30,229.43651707845,233.85599097299,229.43651707845,229.90667387574,12174
2023-04-02,229.90667387574,234.42017912974,226.61557629469,227.55588988928,14559
2023-04-03,225.67526270011,227.55588988928,223.79463551094,225.67526270011,13807
2023-04-04,222.85432191636,225.58123134065,221.91400832178,225.58123134065,20737
2023-04-05,226.61557629469,226.61557629469,222.85432191636,225.67526270011,16295
2023-04-06,229.43651707845,229.43651707845,223.98269822986,224.73494910553,12283
2023-04-09,224.73494910553,224.73494910553,220.03338113261,220.03338113261,18981
2023-04-10,220.03338113261,220.97369472719,216.27212675427,218.2467853029,19230
2023-04-11,222.57222783798,226.61557629469,219.09306753802,223.79463551094,16466
2023-04-12,227.55588988928,236.01871224053,225.76929405957,236.01871224053,31877
2023-04-13,240.72028021345,241.66059380803,231.31714426761,231.31714426761,13846
2023-04-16,233.19777145678,240.62624885399,231.22311290815,232.72761465949,16060
2023-04-17,230.47086203249,233.19777145678,227.55588988928,227.64992124874,15770
2023-04-18,225.67526270011,227.55588988928,223.79463551094,225.67526270011,15338
2023-04-19,227.55588988928,228.49620348386,222.10207104069,224.73494910553,16398
2023-04-20,223.32447871365,229.15442300007,222.94835327582,224.73494910553,30269
2023-04-23,220.97369472719,224.35882366769,216.74228355156,219.56322433532,14775
2023-04-24,219.56322433532,222.85432191636,218.2467853029,220.03338113261,12092
2023-04-25,220.97369472719,223.79463551094,219.18709889748,223.23044735419,12005
2023-04-26,220.03338113261,225.58123134065,219.56322433532,221.44385152448,16448
2023-04-27,221.91400832178,224.17076094878,219.09306753802,220.40950657044,16190
2023-04-30,216.74228355156,220.97369472719,216.46018947319,219.09306753802,10469
2023-05-02,216.27212675427,222.85432191636,216.27212675427,220.87966336773,13032
2023-05-03,218.15275394344,220.97369472719,217.40050306777,219.18709889748,11916
2023-05-04,220.97369472719,220.97369472719,214.3914995651,219.93934977315,41732
2023-05-07,217.21244034886,220.97369472719,216.36615811373,218.15275394344,8889
2023-05-08,214.01537412727,220.03338113261,214.01537412727,215.51987587861,13142
2023-05-09,214.3914995651,219.75128705423,212.98102917323,217.1184089894,5054
2023-05-10,216.27212675427,220.59756928936,216.27212675427,216.27212675427,7179
2023-05-11,216.36615811373,224.73494910553,211.57055878135,224.73494910553,39101
2023-05-14,224.73494910553,224.73494910553,211.10040198406,213.45118597052,69971
2023-05-15,213.45118597052,216.27212675427,211.57055878135,214.3914995651,7186
2023-05-16,213.45118597052,215.80196995698,213.45118597052,214.8616563624,7257
2023-05-17,214.8616563624,218.15275394344,213.45118597052,215.33181315969,10606
2023-05-18,219.09306753802,219.09306753802,215.33181315969,217.21244034886,16253
2023-05-21,220.87966336773,220.97369472719,216.27212675427,216.27212675427,15468
2023-05-22,216.27212675427,218.15275394344,215.42584451915,216.27212675427,12210
2023-05-23,216.27212675427,220.03338113261,215.51987587861,219.18709889748,33102
2023-05-24,219.09306753802,222.94835327582,214.95568772186,220.03338113261,14945
2023-05-28,220.97369472719,223.79463551094,216.55422083265,218.15275394344,69398
2023-05-30,218.15275394344,220.03338113261,214.3914995651,214.3914995651,22898
2023-05-31,218.15275394344,218.15275394344,210.63024518677,211.57055878135,33715
2023-06-01,211.57055878135,216.27212675427,211.57055878135,213.45118597052,21938
2023-06-04,213.45118597052,218.62291074073,213.45118597052,215.80196995698,22179
2023-06-05,216.27212675427,219.46919297586,213.92134276781,214.3914995651,16703
2023-06-06,216.27212675427,216.27212675427,212.6049037354,214.3914995651,15859
2023-06-07,213.45118597052,217.68259714615,213.45118597052,214.48553092456,19984
2023-06-08,217.1184089894,217.21244034886,212.98102917323,214.3914995651,20562
2023-06-11,214.3914995651,216.27212675427,212.51087237594,214.48553092456,24092
2023-06-12,215.33181315969,220.03338113261,215.33181315969,216.27212675427,34741
2023-06-13,216.27212675427,220.5035379299,214.3914995651,217.21244034886,34769
2023-06-14,219.09306753802,221.91400832178,217.49453442723,219.09306753802,28078
2023-06-15,220.97369472719,220.97369472719,216.27212675427,217.21244034886,15875
2023-06-18,220.97369472719,220.97369472719,215.42584451915,218.15275394344,31348
2023-06-19,218.15275394344,219.09306753802,215.70793859752,216.27212675427,28445
2023-06-20,217.68259714615,220.03338113261,216.27212675427,216.27212675427,24757
2023-06-21,220.59756928936,220.59756928936,214.3914995651,215.33181315969,27190
2023-06-22,219.56322433532,219.56322433532,212.98102917323,214.3914995651,25728
2023-06-25,212.51087237594,216.27212675427,212.51087237594,214.3914995651,55988
2023-06-26,216.27212675427,219.65725569477,213.16909189215,216.17809539481,54335
2023-06-27,219.93934977315,223.23044735419,216.27212675427,223.23044735419,75381
2023-06-28,227.64992124874,232.16342650274,222.00803968123,222.38416511907,64742
2023-07-02,225.67526270011,225.67526270011,217.96469122452,218.62291074073,40449
2023-07-03,217.30647170831,221.81997696232,215.33181315969,217.02437762994,45071
2023-07-04,215.42584451915,220.97369472719,215.33181315969,220.03338113261,36910
2023-07-05,218.15275394344,220.97369472719,216.46018947319,219.09306753802,23932
2023-07-06,216.17809539481,218.15275394344,214.3914995651,215.33181315969,26895
2023-07-09,215.33181315969,220.5035379299,214.3914995651,216.27212675427,19087
2023-07-10,220.59756928936,220.59756928936,215.42584451915,216.27212675427,20809
2023-07-11,219.09306753802,219.09306753802,214.95568772186,214.95568772186,28173
2023-07-12,215.33181315969,216.27212675427,214.48553092456,214.48553092456,21029
2023-07-13,218.62291074073,218.62291074073,214.57956228402,214.57956228402,31352
2023-07-16,218.05872258398,220.03338113261,214.3914995651,219.93934977315,46266
2023-07-17,220.03338113261,226.33348221632,218.2467853029,225.67526270011,39477
2023-07-18,229.43651707845,233.19777145678,226.80363901361,232.2574578622,74737
2023-07-19,233.19777145678,244.38750323233,228.49620348386,243.35315827829,109807
2023-07-20,246.36216178095,246.36216178095,236.95902583512,239.77996661887,50631
2023-07-23,239.77996661887,258.58623851054,237.8993394297,251.06372975387,95198
2023-07-24,248.24278897012,257.64592491596,241.47253108912,244.48153459179,94779
2023-07-25,244.48153459179,246.36216178095,232.2574578622,234.13808505136,76633
2023-07-26,237.8993394297,242.60090740262,231.31714426761,236.01871224053,48886
2023-07-27,239.77996661887,239.77996661887,233.3858341757,235.07839864595,30072
2023-07-30,235.07839864595,239.77996661887,231.31714426761,232.06939514328,18263
2023-07-31,236.01871224053,236.95902583512,231.69326970545,232.2574578622,13082
2023-08-01,231.41117562707,234.79630456757,229.43651707845,229.43651707845,24677
2023-08-02,227.55588988928,235.07839864595,227.55588988928,235.07839864595,31501
2023-08-03,238.83965302428,239.49787254049,233.47986553516,233.47986553516,30989
2023-08-06,238.08740214862,256.79964268083,238.08740214862,249.18310256471,277818
2023-08-07,244.48153459179,248.99503984579,240.72028021345,242.60090740262,86650
2023-08-08,241.75462516749,245.42184818637,239.77996661887,242.50687604316,27802
2023-08-09,241.66059380803,242.60090740262,236.95902583512,242.60090740262,42358
2023-08-10,245.42184818637,246.36216178095,240.72028021345,244.48153459179,23004
2023-08-13,246.36216178095,250.12341615929,242.60090740262,248.24278897012,76591
2023-08-14,252.94435694304,254.82498413221,248.24278897012,251.34582383225,56788
2023-08-15,252.00404334846,254.82498413221,246.64425585933,247.30247537554,36592
2023-08-16,246.36216178095,249.18310256471,244.57556595124,245.7979736242,19294
2023-08-17,249.08907120525,249.08907120525,245.42184818637,246.2681304215,18286
2023-08-20,246.2681304215,249.18310256471,243.5412209972,244.48153459179,19605
2023-08-21,248.0547262512,248.0547262512,244.48153459179,245.23378546745,21850
2023-08-22,246.2681304215,247.30247537554,242.60090740262,247.30247537554,17678
2023-08-23,244.57556595124,249.18310256471,244.57556595124,247.30247537554,19743
2023-08-24,245.42184818637,248.24278897012,244.48153459179,244.57556595124,22080
2023-08-27,243.5412209972,245.42184818637,241.37849972966,241.66059380803,16373
2023-08-28,244.48153459179,244.48153459179,240.72028021345,242.60090740262,15772
2023-08-29,240.72028021345,244.48153459179,239.77996661887,241.66059380803,14786
2023-08-30,246.2681304215,247.20844401608,242.78897012154,243.07106419991,18400
2023-09-03,239.77996661887,244.48153459179,239.77996661887,240.06206069724,33984
2023-09-04,242.60090740262,242.60090740262,237.05305719457,238.83965302428,17422
2023-09-05,235.07839864595,239.77996661887,235.07839864595,237.05305719457,16605
2023-09-07,237.14708855403,238.74562166483,235.6425868027,236.01871224053,10055
2023-09-10,240.72028021345,240.72028021345,236.95902583512,239.68593525941,12819
2023-09-11,243.5412209972,248.24278897012,239.77996661887,248.14875761066,21840
2023-09-12,251.53388655116,251.53388655116,243.72928371612,245.23378546745,9532
2023-09-13,241.66059380803,249.653259362,240.72028021345,248.24278897012,18534
2023-09-17,252.94435694304,252.94435694304,243.5412209972,244.38750323233,28163
2023-09-18,242.60090740262,245.32781682691,242.60090740262,243.82331507558,24190
2023-09-19,248.14875761066,248.14875761066,242.60090740262,245.42184818637,14795
2023-09-21,249.18310256471,253.88467053762,246.55022449987,247.02038129716,50228
2023-09-24,251.06372975387,251.06372975387,244.48153459179,245.42184818637,13632
2023-09-25,245.42184818637,246.2681304215,240.62624885399,244.95169138908,10018
2023-09-26,248.71294576741,248.71294576741,243.44718963774,244.48153459179,39214
2023-09-27,246.36216178095,249.18310256471,241.75462516749,243.5412209972,30760
2023-10-01,243.5412209972,247.30247537554,241.66059380803,243.44718963774,60740
2023-10-02,241.66059380803,246.45619314041,240.90834293237,244.76362867016,40811
2023-10-03,241.66059380803,247.20844401608,241.66059380803,246.17409906204,35324
2023-10-04,247.30247537554,248.80697712687,243.5412209972,243.82331507558,8133
2023-10-05,247.30247537554,247.30247537554,240.72028021345,242.60090740262,7398
2023-10-08,247.30247537554,247.396506735,239.21577846212,239.30980982158,28146
2023-10-09,237.42918263241,238.83965302428,236.11274359999,237.8993394297,10233
2023-10-10,241.66059380803,242.60090740262,236.11274359999,236.95902583512,9470
2023-10-11,235.07839864595,239.77996661887,233.19777145678,235.36049272432,19245
2023-10-12,235.07839864595,236.86499447566,232.53955194057,233.47986553516,28503
2023-10-16,235.07839864595,235.07839864595,231.31714426761,233.19777145678,11941
2023-10-17,236.95902583512,238.74562166483,234.13808505136,236.01871224053,8118
2023-10-18,236.95902583512,253.88467053762,236.01871224053,244.48153459179,23077
2023-10-19,248.24278897012,248.24278897012,240.06206069724,243.5412209972,9050
2023-10-29,243.5412209972,243.5412209972,237.8993394297,239.77996661887,16265
2023-10-30,238.36949622699,239.77996661887,236.01871224053,239.77996661887,33815
2023-10-31,244.48153459179,244.48153459179,235.07839864595,236.67693175674,12366
2023-11-01,235.07839864595,236.67693175674,233.19777145678,236.01871224053,24366
2023-11-02,238.83965302428,238.83965302428,233.19777145678,233.3858341757,14152
2023-11-05,229.43651707845,229.43651707845,221.91400832178,226.52154493524,67192
2023-11-06,225.67526270011,238.08740214862,222.00803968123,230.37683067303,36331
2023-11-07,234.04405369191,234.04405369191,227.55588988928,229.43651707845,28233
2023-11-08,229.43651707845,232.16342650274,225.95735677849,231.78730106491,8644
2023-11-09,227.17976445144,231.22311290815,226.61557629469,229.43651707845,10046
2023-11-20,229.43651707845,233.66792825407,225.29913726228,225.29913726228,13280
2023-11-21,225.29913726228,225.58123134065,220.97369472719,224.73494910553,12618
2023-11-22,223.79463551094,230.37683067303,223.79463551094,230.37683067303,8661
2023-11-23,230.37683067303,253.41451374033,225.86332541903,230.37683067303,6824
2023-11-26,226.1454194974,231.31714426761,225.76929405957,227.55588988928,15023
2023-11-27,225.67526270011,230.47086203249,225.67526270011,229.43651707845,13748
2023-11-28,230.37683067303,230.37683067303,225.86332541903,227.55588988928,8124
2023-11-29,227.55588988928,230.37683067303,225.76929405957,227.36782717036,9876
2023-11-30,225.67526270011,226.61557629469,223.79463551094,224.73494910553,10214
2023-12-03,222.47819647853,228.4021721244,222.47819647853,224.73494910553,14293
2023-12-04,221.91400832178,228.49620348386,221.91400832178,225.67526270011,7552
2023-12-05,225.58123134065,225.67526270011,221.91400832178,223.79463551094,10287
2023-12-06,225.67526270011,225.67526270011,221.06772608665,221.91400832178,10646
2023-12-07,222.00803968123,226.1454194974,222.00803968123,224.73494910553,16898
2023-12-10,229.15442300007,233.66792825407,229.15442300007,233.66792825407,60
2023-12-11,238.27546486753,242.60090740262,230.37683067303,231.31714426761,36977
2023-12-12,231.50520698653,236.95902583512,227.55588988928,230.75295611086,68084
2023-12-13,235.36049272432,236.48886903782,231.31714426761,231.97536378382,31055
2023-12-14,228.12007804603,234.13808505136,228.12007804603,233.19777145678,13670
2023-12-17,228.59023484332,234.89033592703,228.59023484332,233.66792825407,25584
2023-12-18,235.07839864595,239.77996661887,232.2574578622,236.01871224053,44779
2023-12-19,235.07839864595,246.55022449987,235.07839864595,245.42184818637,62432
2023-12-20,240.72028021345,251.25179247279,240.72028021345,245.70394226475,57332
2023-12-21,245.42184818637,248.24278897012,240.06206069724,240.72028021345,39429
2023-12-24,243.5412209972,244.48153459179,237.99337078916,238.36949622699,44028
2023-12-27,243.07106419991,243.07106419991,233.66792825407,234.70227320811,15367
2023-12-28,234.13808505136,234.98436728649,230.6589247514,232.2574578622,19671
2024-01-01,236.01871224053,236.01871224053,231.50520698653,234.04405369191,33313
2024-01-02,234.13808505136,234.13808505136,230.37683067303,233.66792825407,34706
2024-01-03,233.19777145678,233.19777145678,228.59023484332,232.16342650274,17254
2024-01-04,232.2574578622,234.98436728649,229.43651707845,230.37683067303,30433
2024-01-07,230.37683067303,231.31714426761,226.61557629469,228.8723289217,39659
2024-01-08,233.19777145678,233.19777145678,226.61557629469,229.15442300007,15763
2024-01-09,233.19777145678,233.19777145678,228.59023484332,230.47086203249,29582
2024-01-10,230.37683067303,233.19777145678,229.43651707845,230.37683067303,31999
2024-01-11,229.5305484379,231.41117562707,228.02604668657,230.37683067303,13027
2024-01-14,231.41117562707,232.2574578622,229.15442300007,231.22311290815,25759
2024-01-16,231.22311290815,236.95902583512,230.37683067303,232.06939514328,43763
2024-01-17,232.44552058111,236.01871224053,230.37683067303,232.2574578622,76378
2024-01-18,231.31714426761,235.07839864595,228.59023484332,232.2574578622,29336
2024-01-21,232.2574578622,233.3858341757,228.8723289217,229.34248571899,48190
2024-01-22,228.49620348386,233.19777145678,228.49620348386,229.43651707845,45887
2024-01-23,227.64992124874,232.16342650274,227.64992124874,230.56489339195,21982
2024-01-24,230.37683067303,232.2574578622,227.83798396765,230.84698747032,25650
2024-01-25,229.90667387574,232.2574578622,229.90667387574,230.47086203249,35252
2024-01-28,230.37683067303,233.19777145678,229.43651707845,230.37683067303,23496
2024-01-29,234.60824184866,234.60824184866,230.47086203249,231.78730106491,22283
2024-01-30,234.60824184866,234.60824184866,229.90667387574,230.84698747032,17528
2024-01-31,230.37683067303,232.63358330003,228.68426620278,228.68426620278,16597
2024-02-01,227.55588988928,228.02604668657,225.76929405957,226.1454194974,18935
2024-02-04,230.37683067303,230.37683067303,224.92301182444,226.1454194974,21433
2024-02-05,225.67526270011,228.02604668657,224.73494910553,227.55588988928,19382
2024-02-06,230.28279931357,230.28279931357,225.67526270011,226.33348221632,12116
2024-02-07,230.84698747032,230.84698747032,224.73494910553,226.61557629469,22381
2024-02-08,224.73494910553,227.55588988928,224.73494910553,227.55588988928,19510
2024-02-11,225.67526270011,225.67526270011,219.65725569477,222.66625919744,42535
2024-02-12,223.04238463528,224.73494910553,221.16175744611,223.79463551094,17401
2024-02-13,223.79463551094,223.79463551094,217.49453442723,217.49453442723,23082
2024-02-14,218.15275394344,220.97369472719,216.36615811373,219.09306753802,19694
2024-02-15,216.36615811373,222.57222783798,216.27212675427,222.57222783798,42526
2024-02-18,219.09306753802,221.81997696232,216.27212675427,216.83631491102,48129
2024-02-20,216.27212675427,220.5035379299,216.27212675427,216.27212675427,31788
2024-02-21,219.09306753802,220.40950657044,215.61390723806,216.55422083265,11891
2024-02-22,216.27212675427,218.15275394344,215.23778180023,215.33181315969,15542
2024-02-25,216.27212675427,216.27212675427,213.54521732998,213.54521732998,22617
2024-02-26,214.3914995651,216.27212675427,211.66459014081,214.3914995651,14222
2024-02-27,212.69893509485,216.17809539481,212.51087237594,213.45118597052,15986
2024-02-28,217.21244034886,217.21244034886,212.69893509485,214.3914995651,10145
2024-02-29,213.45118597052,214.3914995651,211.66459014081,212.32280965702,16986
2024-03-03,216.27212675427,216.27212675427,209.68993159219,210.63024518677,14194
2024-03-04,214.3914995651,223.23044735419,214.3914995651,223.23044735419,530
2024-03-05,227.64992124874,227.64992124874,214.95568772186,215.80196995698,22320
2024-03-06,215.80196995698,217.21244034886,212.04071557865,214.67359364348,22025
2024-03-07,215.33181315969,216.17809539481,212.6049037354,214.48553092456,23094
2024-03-10,218.71694210019,221.91400832178,214.3914995651,217.21244034886,12089
2024-03-12,220.97369472719,225.39316862174,217.40050306777,225.39316862174,34642
2024-03-13,225.67526270011,227.55588988928,220.97369472719,221.91400832178,14493
2024-03-14,221.91400832178,221.91400832178,217.58856578669,219.56322433532,23461
2024-03-17,219.09306753802,220.97369472719,216.27212675427,220.97369472719,26682
2024-03-18,225.39316862174,225.39316862174,220.03338113261,220.97369472719,21615
2024-03-19,220.97369472719,221.91400832178,218.15275394344,220.40950657044,24816
2024-03-20,224.73494910553,224.73494910553,216.46018947319,220.5035379299,21729
2024-03-21,216.36615811373,223.79463551094,216.27212675427,220.97369472719,18890
2024-03-25,220.97369472719,220.97369472719,216.55422083265,219.56322433532,30270
2024-03-26,220.03338113261,220.97369472719,217.40050306777,219.56322433532,24395
2024-03-27,219.56322433532,220.40950657044,214.8616563624,216.36615811373,35243
2024-03-28,220.69160064882,220.69160064882,214.76762500294,216.27212675427,17792
2024-03-31,214.3914995651,218.15275394344,213.82731140835,214.76762500294,12071
2024-04-01,214.3914995651,216.27212675427,211.57055878135,214.3914995651,29683
2024-04-02,218.62291074073,218.62291074073,211.85265285973,214.3914995651,14167
2024-04-03,216.27212675427,216.27212675427,212.51087237594,216.27212675427,27641
2024-04-04,212.6049037354,213.92134276781,212.51087237594,212.69893509485,16873
2024-04-07,213.45118597052,215.33181315969,211.66459014081,214.3914995651,23508
2024-04-09,214.3914995651,216.27212675427,212.51087237594,213.92134276781,14615
2024-04-10,216.27212675427,216.27212675427,213.07506053269,213.45118597052,16651
2024-04-14,211.57055878135,215.33181315969,210.63024518677,212.6049037354,34920
2024-04-15,212.51087237594,214.3914995651,211.10040198406,211.57055878135,11054
2024-04-16,211.66459014081,212.51087237594,209.68993159219,210.25411974894,9690
2024-04-18,211.57055878135,211.57055878135,209.68993159219,210.06605703002,8650
2024-04-21,214.20343684619,220.03338113261,211.57055878135,219.09306753802,50829
2024-04-22,220.03338113261,220.97369472719,215.33181315969,215.70793859752,20603
2024-04-24,216.27212675427,218.05872258398,214.48553092456,215.80196995698,18242
2024-04-25,215.33181315969,218.99903617857,213.92134276781,216.27212675427,13249
2024-04-28,214.48553092456,235.92468088107,212.6049037354,221.44385152448,30349
2024-04-29,225.86332541903,225.86332541903,218.15275394344,222.10207104069,25653
2024-04-30,226.52154493524,226.52154493524,220.97369472719,225.67526270011,35982
2024-05-02,230.18876795411,230.18876795411,223.79463551094,226.61557629469,68990
2024-05-05,223.79463551094,225.67526270011,220.5035379299,224.73494910553,22003
2024-05-06,225.48719998119,225.67526270011,220.97369472719,221.44385152448,22081
2024-05-07,221.06772608665,223.70060415148,220.97369472719,222.94835327582,20390
2024-05-08,222.38416511907,222.66625919744,214.3914995651,219.09306753802,7893
2024-05-09,222.66625919744,227.08573309199,219.18709889748,224.73494910553,37949
2024-05-12,229.15442300007,229.15442300007,220.40950657044,224.73494910553,14870
2024-05-13,229.15442300007,231.31714426761,220.97369472719,230.37683067303,51018
2024-05-14,234.98436728649,234.98436728649,228.02604668657,230.37683067303,13509
2024-05-15,226.70960765415,232.2574578622,225.76929405957,229.43651707845,24472
2024-05-16,233.95002233245,233.95002233245,224.73494910553,226.70960765415,24081
2024-05-19,231.22311290815,244.57556595124,227.55588988928,238.83965302428,67790
2024-05-20,243.5412209972,249.27713392416,238.83965302428,245.51587954583,147012
2024-05-21,250.40551023766,250.40551023766,244.57556595124,245.89200498366,38353
2024-05-22,242.60090740262,270.4341898023,242.60090740262,263.28780648346,168134
2024-05-26,267.98937445638,268.55356261313,259.52655210513,260.937022497,93070
2024-05-27,260.937022497,263.28780648346,255.76529772679,260.46686569971,63787
2024-05-29,265.63859046992,275.41785185359,251.06372975387,253.88467053762,55763
2024-05-30,251.06372975387,251.34582383225,244.48153459179,245.42184818637,30737
2024-06-02,249.08907120525,249.74729072146,242.69493876208,249.18310256471,36533
2024-06-03,254.166764616,254.166764616,245.60991090529,246.36216178095,26425
2024-06-04,251.25179247279,251.25179247279,242.60090740262,250.96969839441,39795
2024-06-05,255.95336044571,255.95336044571,246.73828721879,248.24278897012,16572
2024-06-06,252.47420014575,252.47420014575,244.48153459179,246.2681304215,23243
2024-06-09,251.15776111333,251.15776111333,239.77996661887,239.77996661887,30419
2024-06-10,244.57556595124,244.57556595124,234.98436728649,238.83965302428,38941
2024-06-11,243.5412209972,245.42184818637,238.83965302428,243.5412209972,26904
2024-06-12,247.30247537554,266.01471590776,244.10540915395,252.94435694304,35200
2024-06-13,252.94435694304,252.94435694304,248.80697712687,250.12341615929,17533
2024-06-16,253.88467053762,253.88467053762,245.60991090529,252.00404334846,33067
2024-06-18,251.910011989,251.910011989,245.89200498366,245.89200498366,19809
2024-06-19,250.7816356755,250.7816356755,245.51587954583,247.30247537554,8129
2024-06-20,242.60090740262,249.18310256471,242.60090740262,245.42184818637,14554
2024-06-23,242.69493876208,269.96403300501,242.60090740262,244.48153459179,22427
2024-06-24,249.37116528362,268.92968805097,241.75462516749,249.18310256471,41247
2024-06-25,250.12341615929,251.06372975387,245.42184818637,246.83231857825,22605
2024-06-26,244.57556595124,248.24278897012,244.48153459179,247.30247537554,7484
2024-06-27,244.57556595124,249.18310256471,244.48153459179,245.42184818637,28727
2024-06-30,246.36216178095,247.20844401608,241.94268788641,243.5412209972,17310
2024-07-01,240.72028021345,252.00404334846,240.72028021345,251.53388655116,62619
2024-07-02,256.51754860246,269.49387620772,252.38016878629,255.76529772679,87848
2024-07-03,255.76529772679,258.49220715108,246.36216178095,254.82498413221,41796
2024-07-04,253.88467053762,258.58623851054,251.15776111333,256.61157996192,86098
2024-07-07,254.82498413221,266.10874726721,254.82498413221,264.3221514375,106759
2024-07-08,265.16843367263,269.3058134888,262.72361832671,263.75796328075,49865
2024-07-09,269.02371941042,270.34015844284,261.40717929429,268.1774371753,274360
2024-07-10,266.10874726721,270.81031524013,265.16843367263,269.39984484826,42559
2024-07-11,270.90434659959,274.38350689955,268.92968805097,273.63125602388,139159
2024-07-14,279.08507487247,289.61658713181,276.45219680764,280.68360798326,113142
2024-07-15,286.23145819131,289.61658713181,272.87900514822,276.45219680764,115912
2024-07-16,281.15376478055,300.90035026681,271.5625661158,291.49721432098,270358
2024-07-17,297.3271586074,297.3271586074,286.79564634806,295.25846869931,147540
2024-07-18,295.35250005877,319.70662215849,290.55690072639,311.9960506829,213901
2024-07-21,312.18411340182,319.70662215849,302.40485201815,315.00505418557,304300
2024-07-22,315.00505418557,315.00505418557,304.0974164884,310.30348621265,151988
2024-07-23,310.30348621265,329.10975810433,304.66160464515,322.99771973953,237532
2024-07-24,322.52756294224,326.28881732058,317.07374409366,321.11709255037,194863
2024-07-25,317.35583817203,332.87101248266,316.88568137474,330.9903852935,222739
2024-07-28,337.57258045558,364.08942382284,337.57258045558,364.08942382284,671424
2024-07-29,371.32983850114,376.12543783352,351.67728437434,354.49822515809,296529
2024-07-30,361.55057711747,361.55057711747,340.39352123933,354.49822515809,230971
2024-07-31,350.73697077976,361.9267025553,348.01006135546,353.93403700134,287817
2024-08-01,360.14010672559,360.14010672559,347.44587319871,347.72796727709,302530
2024-08-05,354.59225651755,376.12543783352,354.59225651755,362.96104750934,622697
2024-08-06,369.54324267143,369.54324267143,349.79665718517,349.89068854463,338449
2024-08-07,349.89068854463,357.69529137968,345.09508921225,355.43853875267,181152
2024-08-08,357.31916594184,361.9267025553,352.61759796892,352.71162932838,134799
2024-08-11,356.37885234726,361.9267025553,353.55791156351,360.98638896072,303869
2024-08-12,360.98638896072,369.07308587414,360.23413808505,368.60292907685,283100
2024-08-13,370.48355626601,380.82700580644,369.54324267143,376.12543783352,357409
2024-08-14,378.00606502269,381.76731940102,372.36418345518,378.10009638214,259891
2024-08-15,380.82700580644,397.8466818684,376.12543783352,393.99139613061,511952
2024-08-18,401.79599896566,402.8303439197,382.7076329956,385.52857377936,573837
2024-08-21,387.40920096852,392.11076894144,381.76731940102,390.13611039282,272796
2024-08-22,386.46888737394,395.11977244411,385.81066785773,386.46888737394,184187
2024-08-25,378.75831589835,390.23014175227,374.43287336327,375.18512423893,280315
2024-08-27,373.30449704977,373.30449704977,356.37885234726,359.19979313101,316327
2024-08-28,359.19979313101,371.32983850114,355.43853875267,359.6699499283,173834
2024-08-29,366.72230188768,366.72230188768,351.67728437434,353.93403700134,171319
2024-09-01,357.31916594184,361.55057711747,350.36084534192,350.73697077976,129467
2024-09-02,350.73697077976,363.90136110393,348.85634359059,362.02073391476,150424
2024-09-03,366.72230188768,368.60292907685,356.56691506617,362.20879663368,108022
2024-09-04,369.44921131197,369.44921131197,352.61759796892,354.31016243917,136516
2024-09-05,355.43853875267,355.43853875267,346.03540280684,350.73697077976,96884
2024-09-08,355.81466419051,355.81466419051,347.916029996,350.73697077976,100624
2024-09-09,346.03540280684,352.14744117163,340.95770939608,340.95770939608,86782
2024-09-10,342.2741484285,346.88168504196,336.82032957991,338.51289405017,66020
2024-09-11,343.402524742,343.402524742,329.10975810433,334.75163967183,88445
2024-09-12,341.42786619338,344.5309010555,330.9903852935,343.21446202308,61295
2024-09-15,348.85634359059,350.07875126355,337.66661181504,338.51289405017,90671
2024-09-16,338.51289405017,338.51289405017,328.16944450974,328.2634758692,67066
2024-09-18,329.10975810433,336.53823550154,325.34850372599,332.02473024754,86056
2024-09-22,338.60692540962,343.21446202308,334.28148287454,334.375514234,61970
2024-09-23,341.05174075554,341.05174075554,330.9903852935,332.87101248266,59299
2024-09-24,332.87101248266,337.57258045558,329.20378946379,330.23813441783,83688
2024-09-25,330.05007169891,338.41886269071,328.07541315029,337.57258045558,78883
2024-09-26,337.57258045558,343.21446202308,333.81132607725,335.69195326641,34594
2024-09-29,335.69195326641,335.69195326641,329.10975810433,331.27247937187,35272
2024-09-30,329.10975810433,336.632266861,329.10975810433,336.16211006371,36555
2024-10-01,335.69195326641,349.79665718517,335.69195326641,348.01006135546,87013
2024-10-02,348.01006135546,354.49822515809,337.57258045558,346.97571640142,79249
2024-10-06,346.97571640142,355.43853875267,345.09508921225,355.43853875267,89543
2024-10-07,355.43853875267,362.02073391476,355.43853875267,359.19979313101,72876
2024-10-08,363.90136110393,363.90136110393,355.43853875267,358.63560497426,55126
2024-10-09,355.43853875267,361.08042032018,353.55791156351,360.61026352288,52289
2024-10-15,360.61026352288,365.7819882931,358.25947953643,364.37151790122,51430
2024-10-16,364.84167469851,372.36418345518,364.84167469851,371.79999529843,88954
2024-10-17,376.12543783352,376.12543783352,368.88502315522,370.48355626601,84201
2024-10-20,366.72230188768,371.32983850114,357.31916594184,363.52523566609,112813
2024-10-21,358.35351089588,362.86701614989,354.96838195538,355.06241331484,85200
2024-10-22,353.08775476621,359.19979313101,351.86534709326,355.53257011213,53921
2024-10-23,355.53257011213,361.08042032018,343.21446202308,345.09508921225,135310
2024-10-24,350.73697077976,350.73697077976,331.74263616916,339.54723900421,118792
2024-10-27,333.62326335833,343.21446202308,333.62326335833,337.47854909612,43996
2024-10-28,332.96504384212,344.15477561767,332.96504384212,344.15477561767,44073
2024-10-29,345.09508921225,351.01906485813,344.15477561767,348.85634359059,63203
2024-10-30,354.49822515809,354.49822515809,347.916029996,349.32650038788,33749
2024-11-05,348.85634359059,353.55791156351,344.34283833659,344.62493241496,31483
2024-11-06,347.44587319871,347.44587319871,341.42786619338,344.24880697713,32031
2024-11-10,351.11309621759,351.11309621759,341.33383483392,347.82199863655,58328
2024-11-11,346.97571640142,353.46388020405,346.97571640142,347.916029996,71670
2024-11-12,354.49822515809,354.49822515809,346.97571640142,346.97571640142,62383
2024-11-13,352.61759796892,352.61759796892,342.2741484285,345.28315193117,34318
2024-11-14,345.09508921225,349.23246902842,343.21446202308,343.30849338254,46503
2024-11-17,344.15477561767,348.76231223113,339.45320764475,341.33383483392,72913
2024-11-19,338.51289405017,343.21446202308,337.57258045558,337.66661181504,65017
2024-11-20,343.21446202308,343.21446202308,331.93069888808,337.47854909612,26760
2024-11-21,335.69195326641,337.57258045558,331.6486048097,331.93069888808,55719
2024-11-24,337.57258045558,337.57258045558,329.10975810433,329.10975810433,41256
2024-11-25,335.69195326641,335.69195326641,329.10975810433,330.89635393404,32139
2024-11-26,337.47854909612,337.47854909612,330.05007169891,335.5038905475,28610
2024-11-27,336.632266861,337.00839229883,334.75163967183,336.632266861,38927
2024-11-28,336.632266861,339.45320764475,334.75163967183,338.51289405017,42328
2024-12-01,345.28315193117,345.28315193117,329.10975810433,334.375514234,43405
2024-12-02,338.41886269071,338.41886269071,330.23813441783,331.36651073133,47343
2024-12-03,332.87101248266,332.87101248266,329.29782082324,330.61425985566,33741
2024-12-04,337.19645501775,337.19645501775,329.57991490162,330.9903852935,38930
2024-12-05,329.29782082324,331.08441665295,327.22913091516,328.16944450974,35035
2024-12-08,325.44253508545,328.16944450974,319.70662215849,320.83499847199,53335
2024-12-09,321.21112390982,324.40819013141,316.60358729636,318.76630856391,32050
2024-12-10,319.70662215849,319.70662215849,310.30348621265,311.24379980724,46578
2024-12-11,310.30348621265,315.94536778015,303.72129105057,315.94536778015,69547
2024-12-12,322.24546886387,322.24546886387,309.36317261807,313.1244269964,27811
2024-12-16,313.1244269964,313.1244269964,300.90035026681,301.8406638614,72485
2024-12-17,302.78097745598,305.50788688027,300.05406803169,302.78097745598,38502
2024-12-18,301.8406638614,305.50788688027,301.8406638614,303.25113425327,27913
2024-12-19,309.26914125861,309.26914125861,304.47354192623,304.66160464515,99471
2024-12-22,298.64359763981,306.91835727215,298.64359763981,303.90935376948,30552
2024-12-23,301.8406638614,306.54223183432,299.01972307765,305.60191823973,34848
2024-12-24,307.85867086673,309.36317261807,302.87500881544,307.38851406944,24396
2024-12-26,304.0974164884,315.00505418557,302.78097745598,313.87667787207,53904
2024-12-29,314.2528033099,316.88568137474,312.18411340182,313.97070923153,105485
2024-12-31,311.76755447942,311.76755447942,300.04842615012,304.11622276029,52420
2025-01-01,304.11622276029,305.08474576271,297.33656174334,297.43341404358,33089
2025-01-02,297.33656174334,298.30508474576,294.43099273608,296.36803874092,28790
2025-01-05,300.24213075061,300.24213075061,290.65375302663,292.49394673123,31591
2025-01-06,291.52542372881,295.3995157385,290.55690072639,295.3995157385,33107
2025-01-07,289.58837772397,295.30266343826,289.58837772397,293.46246973366,23953
2025-01-08,299.27360774818,299.27360774818,290.55690072639,292.59079903148,27123
2025-01-09,292.49394673123,294.33414043584,290.07263922518,292.59079903148,47238
2025-01-12,295.88377723971,295.88377723971,286.97336561743,286.97336561743,23901
2025-01-13,287.65133171913,287.65133171913,281.35593220339,284.64891041162,38612
2025-01-15,283.77723970944,283.77723970944,276.02905569007,276.51331719128,47411
2025-01-16,276.02905569007,276.99757869249,271.18644067797,274.86682808717,46231
2025-01-19,271.18644067797,277.96610169492,266.4406779661,277.4818401937,41611
2025-01-20,279.03147699758,280.67796610169,275.06053268765,276.02905569007,19577
2025-01-21,276.02905569007,276.02905569007,271.18644067797,272.15496368039,29055
2025-01-22,272.15496368039,275.93220338983,271.67070217918,275.06053268765,36936
2025-01-23,278.45036319613,280.87167070218,276.02905569007,279.90314769976,40746
2025-01-26,280.87167070218,283.48668280872,274.38256658596,278.54721549637,43687
2025-01-27,277.96610169492,277.96610169492,274.09200968523,274.57627118644,23094
2025-01-28,276.02905569007,277.96610169492,272.25181598063,276.99757869249,27911
2025-02-02,278.93462469734,285.71428571429,276.99757869249,285.61743341404,53452
2025-02-03,286.68280871671,294.33414043584,286.68280871671,289.58837772397,49607
2025-02-04,290.55690072639,295.30266343826,287.65133171913,287.65133171913,51668
2025-02-05,286.68280871671,289.58837772397,285.71428571429,287.84503631961,27079
2025-02-06,287.65133171913,292.49394673123,287.3607748184,288.61985472155,39334
2025-02-09,288.61985472155,291.52542372881,283.97094430993,285.71428571429,22682
2025-02-10,284.26150121065,286.68280871671,283.87409200969,285.71428571429,16601
2025-02-11,285.71428571429,285.71428571429,280.96852300242,282.61501210654,13397
2025-02-12,281.8401937046,285.71428571429,281.45278450363,282.32445520581,24571
2025-02-13,286.00484261501,286.00484261501,280.96852300242,283.87409200969,21247
2025-02-16,283.77723970944,285.71428571429,280.19370460048,282.22760290557,30069
2025-02-17,282.80871670702,291.42857142857,280.38740920097,285.71428571429,70893
2025-02-18,288.61985472155,292.39709443099,286.68280871671,290.55690072639,61491
2025-02-20,290.55690072639,290.55690072639,285.71428571429,286.68280871671,41190
2025-02-23,280.96852300242,289.58837772397,276.02905569007,284.74576271186,54840
2025-02-24,282.80871670702,289.58837772397,282.80871670702,284.64891041162,31364
2025-02-25,286.1985472155,288.42615012107,282.80871670702,283.87409200969,36537
2025-02-27,289.49152542373,300.24213075061,287.65133171913,293.46246973366,72598
2025-03-02,295.3995157385,301.21065375303,290.55690072639,299.27360774818,140917
2025-03-03,304.11622276029,305.08474576271,296.85230024213,299.27360774818,77760
2025-03-04,293.36561743341,301.11380145278,293.36561743341,294.7215496368,74386
2025-03-05,291.62227602906,296.36803874092,290.75060532688,292.00968523002,55112
2025-03-06,292.00968523002,295.3995157385,290.75060532688,291.52542372881,29555
2025-03-09,290.55690072639,295.3995157385,286.68280871671,287.65133171913,24088
2025-03-10,287.65133171913,290.55690072639,284.93946731235,284.93946731235,30724
2025-03-11,290.36319612591,290.36319612591,281.8401937046,282.80871670702,26267
2025-03-12,280,285.61743341404,280,283.77723970944,24116
2025-03-16,283.77723970944,283.77723970944,279.90314769976,280.87167070218,35376
2025-03-17,280.87167070218,282.61501210654,279.90314769976,280.87167070218,20075
2025-03-18,286.48910411622,286.48910411622,279.90314769976,280.48426150121,19349
2025-03-19,281.8401937046,281.8401937046,276.99757869249,277.09443099274,21954
2025-03-20,275.06053268765,278.93462469734,274.09200968523,276.66828087167,16174
2025-03-23,280.87167070218,280.87167070218,273.12348668281,273.47215496368,55957
2025-03-24,273.99515738499,278.83777239709,271.18644067797,276.87167070218,15084
2025-03-25,280.38740920097,280.87167070218,271.18644067797,271.74818401937,33659
2025-03-26,271.18644067797,274.09200968523,269.73365617433,273.28813559322,18208
2025-03-27,278.74092009685,278.74092009685,274.76997578692,276.39709443099,21529
2025-03-30,276.02905569007,280.87167070218,276.02905569007,278.25665859564,28128
2025-04-01,280.87167070218,280.87167070218,276.02905569007,279.89346246973,16186
2025-04-02,278.93462469734,303.14769975787,276.22276029056,285.93704600484,41118
2025-04-03,285.71428571429,294.33414043584,285.71428571429,289.71428571429,79398
2025-04-07,295.3995157385,295.3995157385,281.93704600484,282.53753026634,20209
2025-04-08,280.87167070218,283.77723970944,276.02905569007,281.92736077482,33174
2025-04-09,287.55447941889,290.55690072639,280.77481840194,281.23002421308,23950
2025-04-10,281.8401937046,283.77723970944,278.06295399516,278.78934624697,19731
2025-04-13,280.87167070218,280.87167070218,276.02905569007,279.10895883777,24409
2025-04-15,282.80871670702,283.6803874092,277.19128329298,279.37046004843,21484
2025-04-16,284.74576271186,284.74576271186,279.90314769976,280.84261501211,23865
2025-04-17,285.71428571429,285.71428571429,280.38740920097,282.76997578692,26221
2025-04-20,286.68280871671,287.65133171913,279.12832929782,281.76271186441,37196
2025-04-21,283.77723970944,283.77723970944,277.96610169492,278.50847457627,23794
2025-04-22,281.8401937046,281.8401937046,276.12590799031,276.98789346247,20167
2025-04-23,276.99757869249,277.96610169492,273.22033898305,274.00484261501,21640
2025-04-24,273.22033898305,275.83535108959,271.67070217918,274.52784503632,20455
2025-04-27,276.02905569007,276.90072639225,271.47699757869,272.41646489104,26308
2025-04-28,271.57384987893,273.89830508475,271.18644067797,273.18159806295,22512
2025-04-29,271.18644067797,274.09200968523,271.18644067797,272.24213075061,16939
2025-04-30,271.18644067797,273.02663438257,270.21791767554,271.79661016949,25703
2025-05-04,276.02905569007,276.02905569007,270.21791767554,271.29297820823,19617
2025-05-05,271.18644067797,272.6392251816,270.21791767554,271.34140435835,14774
2025-05-06,270.21791767554,272.15496368039,268.76513317191,269.08474576271,24515
2025-05-07,263.72881355932,277.96610169492,263.72881355932,277.31719128329,29812
2025-05-08,282.80871670702,282.80871670702,274.09200968523,278.13075060533,22151
2025-05-11,282.80871670702,282.80871670702,275.06053268765,275.32203389831,21211
2025-05-13,277.76271186441,277.76271186441,272.05811138015,273.18159806295,21636
2025-05-14,271.28329297821,276.02905569007,271.18644067797,272.23244552058,18859
2025-05-15,271.18644067797,273.12348668281,269.44309927361,272.26150121065,26415
2025-05-18,272.6392251816,274.57627118644,269.24939467312,271.53510895884,26842
2025-05-19,271.28329297821,275.93220338983,271.28329297821,273.8789346247,21693
2025-05-20,273.12348668281,281.54963680387,271.18644067797,280.29055690073,29990
2025-05-21,285.81113801453,295.3995157385,279.03147699758,280.18401937046,57459
2025-05-22,280.87167070218,293.46246973366,275.06053268765,287.38983050847,59233
2025-05-25,290.55690072639,290.55690072639,284.84261501211,285.69491525424,29709
2025-05-26,291.33171912833,293.46246973366,287.65133171913,287.69975786925,56707
2025-05-27,285.71428571429,286.68280871671,280.87167070218,285.17191283293,37980
2025-05-28,283.77723970944,290.55690072639,282.61501210654,290.16949152542,49484
2025-06-02,295.88377723971,296.36803874092,285.32687651332,287.4382566586,56718
2025-06-03,285.71428571429,288.61985472155,281.93704600484,282.24697336562,37267
2025-06-04,276.70702179177,281.8401937046,276.70702179177,281.07506053269,21673
2025-06-05,280.87167070218,281.8401937046,274.09200968523,279.17675544794,43892
2025-06-08,279.41888619855,280.87167070218,276.02905569007,278.54721549637,10481
2025-06-09,276.99757869249,281.8401937046,276.02905569007,279.3607748184,17735
2025-06-10,283.77723970944,283.77723970944,278.1598062954,279.25423728814,25016
2025-06-11,275.54479418886,281.8401937046,275.25423728814,279.02179176755,13387
2025-06-12,276.02905569007,280.19370460048,276.02905569007,277.19128329298,28838
2025-06-15,277.09443099274,278.93462469734,275.06053268765,275.30266343826,35850
2025-06-16,279.90314769976,279.90314769976,275.54479418886,277.04600484262,25471
2025-06-17,277.19128329298,277.96610169492,274.18886198547,275.80629539952,19099
2025-06-18,276.02905569007,278.93462469734,275.06053268765,276.53268765133,17243
2025-06-19,271.18644067797,276.02905569007,271.18644067797,275.23486682809,19789
2025-06-22,275.06053268765,277.96610169492,271.67070217918,272.23244552058,37857
2025-06-23,269.73365617433,273.51089588378,269.73365617433,272.38740920097,28893
2025-06-24,271.28329297821,276.70702179177,268.2808716707,272.61985472155,24677
2025-06-25,276.99757869249,276.99757869249,272.15496368039,272.86198547215,17868
2025-06-26,272.92978208232,275.06053268765,272.25181598063,272.97820823245,30005
2025-06-29,276.02905569007,278.35351089588,271.18644067797,277.64648910412,37928
2025-06-30,280.87167070218,281.8401937046,276.99757869249,278.23728813559,25817
2025-07-01,272.73607748184,286.68280871671,272.73607748184,284.45520581114,65159
2025-07-02,285.71428571429,292.30024213075,284.74576271186,291.18644067797,124408
2025-07-03,293.46246973366,295.3995157385,287.65133171913,291.27360774818,123907
2025-07-06,290.55690072639,296.36803874092,287.65133171913,290.49878934625,72632
2025-07-07,287.65133171913,293.94673123487,286.68280871671,287.17675544794,58749
2025-07-08,285.90799031477,289.58837772397,284.74576271186,287.72881355932,76334
2025-07-09,291.52542372881,297.33656174334,285.81113801453,294.62469733656,122851
2025-07-10,294.62469733656,309.92736077482,294.52784503632,304.79418886199,258347
2025-07-13,310.799031477,323.00242130751,310.799031477,316.72639225182,215092
2025-07-14,318.64406779661,318.64406779661,304.30992736077,305.77239709443,115004
2025-07-15,302.27602905569,315.73849878935,301.88861985472,313.51089588378,106227
2025-07-16,319.51573849879,319.70944309927,313.8014527845,316.83292978208,142187
2025-07-17,317.67554479419,323.00242130751,317.67554479419,321.16222760291,187049
2025-07-20,324.3583535109,331.23486682809,315.73849878935,319.82566585956,226513
2025-07-21,320.58111380145,324.45520581114,315.15738498789,321.65617433414,104403
2025-07-22,327.3607748184,331.13801452785,323.48668280872,328.8813559322,142308
2025-07-23,329.29782082324,331.23486682809,323.6803874092,328.91041162228,121584
2025-07-24,327.3607748184,330.26634382567,324.55205811138,325.99515738499,72244
2025-07-27,319.51573849879,328.32929782082,319.51573849879,321.57869249395,129779
2025-07-28,319.61259079903,323.00242130751,313.8014527845,321.34624697337,118015
2025-07-29,327.74818401937,329.39467312349,322.61501210654,324.79418886199,187129
2025-07-30,331.23486682809,331.23486682809,321.06537530266,321.62711864407,109653
2025-07-31,324.26150121065,326.00484261501,316.70702179177,321.72397094431,128639
2025-08-03,317.67554479419,319.51573849879,312.83292978208,316.09685230024,89591
2025-08-04,311.86440677966,318.64406779661,311.86440677966,317.58837772397,73743
2025-08-05,315.35108958838,323.48668280872,314.76997578692,315.14769975787,52835
2025-08-06,321.35593220339,321.35593220339,312.34866828087,317.4818401937,47800
2025-08-07,323.77723970944,323.77723970944,314.86682808717,316.5617433414,41801
2025-08-11,322.80871670702,334.04358353511,322.5181598063,323.91283292978,377771
2025-08-12,322.5181598063,323.97094430993,317.67554479419,320.55205811138,123924
2025-08-13,321.54963680387,324.45520581114,319.61259079903,320.07748184019,77384
2025-08-14,320.67796610169,323.38983050847,319.90314769976,321.98547215496,86636
2025-08-17,322.03389830508,326.39225181598,321.54963680387,324.12590799031,80302
2025-08-18,326.39225181598,328.13559322034,323.48668280872,327.05084745763,81072
2025-08-19,327.3607748184,328.32929782082,324.45520581114,325.10411622276,42199
2025-08-20,325.42372881356,327.3607748184,321.64648910412,322.03389830508,31830
2025-08-21,322.5181598063,323.48668280872,318.25665859564,318.89588377724,56884
2025-08-24,320.48426150121,320.48426150121,315.73849878935,315.93220338983,50565
2025-08-25,312.83292978208,317.67554479419,312.83292978208,316.21307506053,53184
2025-08-26,315.73849878935,318.64406779661,315.15738498789,316.00968523002,27429
2025-08-27,322.32445520581,322.32445520581,315.73849878935,320.8813559322,45857
2025-08-28,316.80387409201,321.54963680387,315.73849878935,317.2397094431,66102
2025-08-31,320.58111380145,320.58111380145,312.34866828087,313.04600484262,42198
2025-09-01,319.22518159806,319.22518159806,313.02663438257,317.16222760291,37584
2025-09-02,323.48668280872,323.48668280872,314.76997578692,315.25423728814,25961
2025-09-03,313.31719128329,316.41646489104,313.31719128329,313.8789346247,29206
2025-09-04,313.8014527845,315.15738498789,312.05811138015,314.48910411622,32179
2025-09-07,317.4818401937,317.4818401937,310.50847457627,311.00242130751,49379
2025-09-08,310.21791767554,310.89588377724,307.02179176755,307.17675544794,69424
2025-09-18,301.11380145278,301.11380145278,283.77723970944,289.29782082324,3170
2025-09-21,283.77723970944,311.86440677966,283.77723970944,307.03147699758,67958
2025-09-23,307.02179176755,310.89588377724,302.37288135593,307.02179176755,61925
2025-09-24,311.38014527845,311.38014527845,302.17917675545,306.05326876513,28083
2025-09-25,301.21065375303,307.89346246973,301.21065375303,307.31234866828,29186
2025-09-28,307.31234866828,310.89588377724,305.08474576271,309.44309927361,26821
2025-10-07,309.92736077482,312.73607748184,305.85956416465,306.92493946731,35362
2025-10-08,305.08474576271,305.08474576271,300.72639225182,302.56658595642,43145
2025-10-09,307.99031476998,313.8014527845,304.11622276029,307.02179176755,44571
2025-10-12,307.02179176755,307.02179176755,297.33656174334,298.01452784504,73570
2025-10-13,297.33656174334,301.21065375303,296.5617433414,300.24213075061,18227
2025-10-14,300.72639225182,304.01937046005,297.33656174334,299.27360774818,26968
2025-10-15,298.30508474576,298.78934624697,296.36803874092,298.30508474576,24390
2025-10-16,302.17917675545,302.17917675545,295.88377723971,299.17675544794,18464
2025-10-19,298.20823244552,301.21065375303,295.3995157385,300.14527845036,14571
2025-10-26,300.24213075061,300.24213075061,295.3995157385,299.27360774818,18308
2025-10-28,299.27360774818,307.99031476998,299.27360774818,305.08474576271,20072
2025-10-29,298.98305084746,309.92736077482,298.98305084746,302.17917675545,27920
2025-10-30,306.63438256659,309.83050847458,300.24213075061,303.63196125908,28033
2025-11-02,309.63680387409,315.6416464891,303.14769975787,305.08474576271,34431
2025-11-03,310.21791767554,310.21791767554,302.17917675545,307.02179176755,26537
2025-11-04,311.86440677966,311.86440677966,299.37046004843,302.17917675545,56192
2025-11-05,299.37046004843,305.08474576271,298.30508474576,305.08474576271,41787
2025-11-06,307.02179176755,310.70217917676,306.05326876513,307.99031476998,223177
2025-11-09,307.99031476998,308.76513317191,302.17917675545,305.08474576271,121484
2025-11-10,305.08474576271,305.08474576271,302.17917675545,302.7602905569,60370
2025-11-11,302.17917675545,304.11622276029,302.17917675545,303.92251815981,29052
2025-11-12,303.14769975787,306.92493946731,302.17917675545,303.14769975787,19975
2025-11-13,303.14769975787,304.01937046005,301.69491525424,302.17917675545,39923
2025-11-16,303.14769975787,304.6004842615,300.33898305085,302.17917675545,22740
2025-11-17,308.18401937046,308.18401937046,300.33898305085,303.82566585956,24424
2025-11-18,304.11622276029,306.92493946731,301.79176755448,304.6004842615,24019
2025-11-19,305.08474576271,305.08474576271,302.17917675545,302.95399515739,22061
2025-11-20,302.17917675545,304.01937046005,302.17917675545,302.56658595642,23008
2025-11-23,305.08474576271,306.05326876513,303.34140435835,306.05326876513,61239
2025-11-24,307.89346246973,307.99031476998,302.17917675545,307.02179176755,33678
2025-11-25,308.9588377724,310.89588377724,306.34382566586,309.92736077482,48790
2025-11-26,314.76997578692,314.76997578692,310.89588377724,314.28571428571,63588
2025-11-27,319.61259079903,319.61259079903,311.9612590799,318.54721549637,192110
2025-11-30,322.4,322.4,306,307,67768
2025-12-01,305,306,300.3,303.9,56148
2025-12-02,302.9,302.9,300,301,40658
2025-12-03,304,304,298.1,298.2,23796
2025-12-07,304,304,295.5,298.9,22681
2025-12-08,302,302,295,296.6,24934
2025-12-09,298.9,298.9,292,292.3,37931
2025-12-10,297,297,290,291.4,24514
2025-12-11,293,293,288,292,26009
2025-12-14,292,293,287.1,290,27743
2025-12-15,288,290,286.2,289.4,24328
2025-12-16,292,292.9,288,292.9,14912
2025-12-17,294.9,296,292,294,26518
2025-12-18,297,297,291,292,11848
2025-12-21,290,291,287.2,289.8,27646
2025-12-22,288,290,286,288.8,20208
2025-12-23,288,290,285.2,286.9,23575
2025-12-24,286,290,285.2,288,20792
2025-12-28,291,316.8,286,297,49373
2025-12-29,302.9,302.9,292,294.4,31487
2025-12-31,294.4,298.5,292,298,51018
